time,accX,accY,accZ,pitch,roll,yaw
0.015060,-0.004517,-1.009262,-0.003460,-0.000743,0.006608,0.000000
0.015060,-0.004517,-1.009262,-0.003460,-0.000743,0.006608,-0.000956
0.100000,0.017670,-0.003250,-0.989792,-0.010556,-0.007811,0.003565
0.150000,0.015823,0.000610,-0.991806,-0.000713,0.001693,0.000235
0.200000,0.014755,0.001617,-0.987961,-0.016596,-0.003081,0.001261
0.250000,0.018799,0.001617,-0.991730,-0.014091,-0.007858,-0.001083
0.300000,0.015717,-0.001297,-0.988876,-0.003080,-0.012611,-0.002222
0.350000,0.024759,-0.663560,-1.383812,-0.007390,0.004580,-0.001452
0.400000,0.026971,-0.599391,-1.449749,-0.006385,0.004480,-0.000059
0.450000,0.027210,-0.540406,-1.515668,-0.006946,0.005464,0.006208
0.500000,0.027823,-0.484862,-1.581734,-0.005531,0.005102,0.020340
0.550000,0.029146,-0.427812,-1.647872,-0.005373,0.005243,0.029532
0.600000,0.026567,-0.370275,-1.713858,-0.004195,0.006732,0.037281
0.650000,0.025346,-0.310379,-1.780140,-0.004355,0.005378,0.027568
0.700000,0.027341,-0.245934,-1.846201,-0.003109,0.008950,0.010958
0.750000,0.027508,-0.183224,-1.912212,-0.006270,0.009339,0.001555
0.800000,0.030174,-0.115945,-1.977845,-0.012126,0.011738,-0.004297
0.850000,0.035848,-0.046071,-2.043416,-0.015112,0.012998,-0.013935
0.900000,0.033636,-0.041701,-2.043166,-0.018365,0.012878,-0.010712
0.950000,0.039508,-0.049008,-2.043234,-0.015720,0.007649,-0.011976
1.000000,0.039192,-0.050169,-2.043238,-0.011597,0.006077,0.013489
1.050000,0.030813,-0.051686,-2.042857,-0.016756,0.008905,0.027141
1.100000,0.033617,-0.046351,-2.042856,-0.018720,0.009394,0.009631
1.150000,0.034466,-0.046957,-2.042725,-0.016826,0.007849,0.012097
1.200000,0.040072,-0.048278,-2.042458,-0.020284,0.007428,0.017011
1.250000,0.036241,-0.046443,-2.042526,-0.020910,0.009579,0.016334
1.300000,0.031364,-0.041382,-2.042659,-0.016612,0.009343,0.014116
1.350000,0.033161,-0.033967,-2.042855,-0.017138,0.007358,-0.005344
1.400000,0.031889,-0.029707,-2.042461,-0.016432,0.006829,-0.022084
1.450000,0.034785,-0.019435,-2.043047,-0.017634,0.006067,-0.046474
1.500000,0.034926,-0.012743,-2.042910,-0.016167,0.004423,-0.046023
1.550000,0.035987,-0.004444,-2.042845,-0.017488,0.004658,-0.056830
1.600000,0.038005,0.005101,-2.042906,-0.020426,0.003779,-0.058864
1.650000,0.038293,0.012359,-2.042967,-0.025040,-0.000126,-0.062014
1.700000,0.038588,0.016142,-2.043227,-0.026650,-0.002991,-0.055959
1.750000,0.038619,0.018110,-2.042772,-0.029455,-0.007214,-0.050772
1.800000,0.037562,0.017527,-2.042637,-0.031685,-0.008055,-0.048945
1.850000,0.037242,0.021719,-2.042832,-0.024893,-0.012952,-0.031757
1.900000,0.037786,0.022574,-2.042904,-0.022896,-0.011043,-0.033044
1.950000,0.036598,0.024770,-2.042706,-0.022274,-0.010328,-0.034581
2.000000,0.037390,0.032669,-2.042706,-0.021524,-0.011565,-0.040918
2.050000,0.037667,0.043624,-2.043031,-0.022763,-0.011526,-0.055045
2.100000,0.036702,0.052810,-2.043159,-0.022746,-0.011285,-0.064458
2.150000,0.039641,0.061571,-2.042903,-0.023921,-0.012697,-0.071888
2.200000,0.041808,0.067904,-2.042901,-0.022870,-0.011969,-0.062318
2.250000,0.040490,0.069632,-2.042179,-0.023302,-0.015548,-0.045933
2.300000,0.041212,0.073135,-2.042628,-0.020795,-0.016892,-0.036071
2.350000,0.040029,0.073385,-2.042428,-0.015414,-0.020568,-0.030225
2.400000,0.035381,0.071095,-2.042498,-0.012914,-0.022467,-0.020139
2.450000,0.037401,0.067181,-2.042561,-0.008985,-0.022190,-0.023984
2.500000,0.031466,0.074817,-2.042237,-0.011857,-0.017436,-0.022968
2.550000,0.031533,0.076232,-2.042564,-0.015334,-0.015934,-0.047901
2.600000,0.039521,0.078071,-2.042829,-0.008789,-0.017803,-0.061316
2.650000,0.036657,0.073062,-2.042769,-0.006400,-0.017022,-0.044188
2.700000,0.035676,0.073731,-2.042840,-0.007894,-0.015388,-0.046045
2.750000,0.030134,0.075186,-2.042846,-0.004357,-0.015754,-0.050514
2.800000,0.034052,0.073738,-2.043232,-0.003959,-0.019014,-0.050014
2.850000,0.038732,0.068672,-2.043235,-0.009235,-0.018614,-0.047347
2.900000,0.037000,0.061327,-2.042844,-0.008517,-0.017900,-0.028602
2.950000,0.038541,0.057331,-2.043166,-0.009798,-0.016656,-0.011180
3.000000,0.035662,0.047579,-2.042447,-0.007837,-0.015744,0.012662
3.050000,0.035592,0.041148,-2.042119,-0.009449,-0.014503,0.012037
3.100000,0.034599,0.033116,-2.041987,-0.007453,-0.014193,0.022450
3.150000,0.032584,0.023768,-2.041927,-0.003307,-0.011885,0.025412
3.200000,0.032037,0.016701,-2.042190,-0.000310,-0.011161,0.028816
3.250000,0.031701,0.013630,-2.041795,-0.000078,-0.011637,0.023245
3.300000,0.031217,0.012312,-2.042512,0.002259,-0.010838,0.018005
3.350000,0.031712,0.013531,-2.042837,0.003845,-0.010641,0.016535
3.400000,0.031247,0.009853,-2.042842,-0.002559,-0.005587,0.000642
3.450000,0.030315,0.009519,-2.043040,-0.002061,-0.006251,0.000468
3.500000,0.030244,0.009390,-2.043496,-0.002944,-0.006681,0.000212
3.550000,0.030033,0.009062,-2.043698,-0.003595,-0.006231,0.000504
3.600000,0.029770,0.009058,-2.043505,-0.003270,-0.005700,0.000802
3.650000,0.029771,0.009057,-2.043381,-0.002779,-0.006596,0.001088
3.700000,0.029972,0.009258,-2.043246,-0.002848,-0.006306,0.000996
3.750000,0.029574,0.009254,-2.043192,-0.002912,-0.006810,0.000742
3.800000,0.029390,0.009373,-2.043846,-0.002415,-0.006832,0.000881
3.850000,0.029584,0.009574,-2.043454,-0.001570,-0.006137,0.000185
3.900000,0.029387,0.009503,-2.043654,-0.001062,-0.004963,-0.000124
3.950000,0.029926,0.009703,-2.043900,0.000109,-0.005455,-0.000752
4.000000,0.029856,0.009570,-2.043902,0.000122,-0.005862,-0.000615
4.050000,0.029787,0.009372,-2.043902,0.000056,-0.005319,-0.000624
4.100000,0.029979,0.009377,-2.043902,0.000883,-0.005010,-0.000477
4.150000,0.030179,0.009380,-2.043902,0.000582,-0.005658,-0.000730
4.200000,0.030116,0.009442,-2.043902,0.000442,-0.006146,-0.000903
4.250000,0.030244,0.009248,-2.043902,0.001121,-0.005364,-0.001215
4.300000,0.030185,0.009573,-2.043902,0.000991,-0.004743,-0.001688
4.350000,0.030243,0.009445,-2.043902,0.001344,-0.003485,-0.001998
4.400000,0.030515,0.009775,-2.043902,0.002198,-0.003577,-0.002703
4.450000,0.030322,0.009833,-2.043902,0.002625,-0.002791,-0.002631
4.500000,0.030193,0.009963,-2.043902,0.003399,-0.003508,-0.003338
4.550000,0.029865,0.009891,-2.043902,0.003101,-0.003902,-0.003431
4.600000,0.029943,0.010083,-2.043902,0.003034,-0.003737,-0.003055
4.650000,0.029939,0.009886,-2.043902,0.002567,-0.003807,-0.002912
4.700000,0.029733,0.009622,-2.043902,0.001625,-0.004911,-0.003168
4.750000,0.029728,0.009427,-2.043641,0.001394,-0.004263,-0.002709
4.800000,0.029740,0.009354,-2.044234,0.000764,-0.004248,-0.002487
4.850000,0.029926,0.009233,-2.043783,0.001015,-0.003513,-0.001791
4.900000,0.029525,0.009097,-2.043589,0.000718,-0.003739,-0.001878
4.950000,0.029521,0.009100,-2.043457,0.000174,-0.004521,-0.001970
5.000000,0.029771,0.009176,-2.042999,-0.000043,-0.004589,-0.002131
5.050000,0.029357,0.009183,-2.043198,0.003994,-0.003601,-0.000254
5.100000,0.029240,0.009306,-2.043134,0.003370,-0.003909,-0.000496
5.150000,0.030635,0.014599,-2.042934,0.003896,-0.006255,0.001872
5.200000,0.028287,0.026840,-2.042989,0.003370,-0.007547,0.006944
5.250000,0.024373,0.040839,-2.042986,0.003005,-0.006588,0.024146
5.300000,0.020074,0.047689,-2.042908,0.002353,-0.005140,0.024845
5.350000,0.013550,0.051471,-2.042582,-0.001374,-0.002462,0.021837
5.400000,0.020645,0.060750,-2.042391,-0.001306,-0.003342,0.010796
5.450000,0.022041,0.064163,-2.042652,0.003173,-0.003585,0.008115
5.500000,0.026392,0.069169,-2.042137,0.001149,-0.003078,-0.006934
5.550000,0.017821,0.076395,-2.042787,0.001382,-0.004721,0.003075
5.600000,0.015827,0.084753,-2.042787,-0.001527,-0.006006,0.018084
5.650000,0.014946,0.084669,-2.042787,-0.005564,-0.014965,0.035794
5.700000,0.007761,0.083096,-2.042787,-0.010613,-0.013126,0.054599
5.750000,0.008085,0.078644,-2.042787,-0.009306,-0.014510,0.066931
5.800000,0.012879,0.081124,-2.042787,-0.009647,-0.012460,0.064709
5.850000,0.013088,0.078026,-2.042787,-0.006036,-0.013165,0.072895
5.900000,0.012552,0.083043,-2.042787,-0.008507,-0.008577,0.062123
5.950000,0.012932,0.080321,-2.042787,-0.007454,-0.009700,0.068596
6.000000,0.010999,0.078590,-2.042787,-0.006442,-0.007740,0.082577
6.050000,0.010482,0.075373,-2.042787,-0.005564,-0.008563,0.104631
6.100000,0.012135,0.074662,-2.042787,-0.001482,-0.009108,0.113286
6.150000,0.012777,0.072075,-2.042787,-0.001160,-0.015288,0.104592
6.200000,0.008921,0.061021,-2.042787,0.002548,-0.018443,0.087846
6.250000,0.007846,0.040779,-2.042787,0.003924,-0.020157,0.073029
6.300000,0.009443,0.028768,-2.043047,0.001331,-0.020874,0.054649
6.350000,0.010371,0.025772,-2.042454,-0.001358,-0.021876,0.039891
6.400000,0.011266,0.026640,-2.042906,0.002289,-0.030056,0.028574
6.450000,0.010589,0.027041,-2.043099,0.002844,-0.032262,0.029326
6.500000,0.010133,0.026835,-2.043231,0.003187,-0.030988,0.028798
6.550000,0.009550,0.026690,-2.043698,0.003833,-0.029786,0.029118
6.600000,0.009367,0.026742,-2.043387,0.000220,-0.030036,0.027551
6.650000,0.008961,0.026677,-2.043594,0.001525,-0.029708,0.027559
6.700000,0.007225,0.021123,-2.043607,0.000628,-0.028457,0.024786
6.750000,0.009255,0.009136,-2.043884,0.000135,-0.026042,0.019019
6.800000,0.012641,-0.005002,-2.044159,0.000438,-0.026903,0.001888
6.850000,0.016945,-0.011656,-2.044238,0.000684,-0.027216,0.001885
6.900000,0.023131,-0.015568,-2.044313,0.004255,-0.028999,0.005357
6.950000,0.015503,-0.024783,-2.044195,0.003944,-0.027858,0.017011
7.000000,0.013984,-0.027939,-2.044068,-0.000675,-0.027521,0.019532
7.050000,0.008973,-0.032953,-2.044602,0.000944,-0.027056,0.035046
7.100000,0.017287,-0.039724,-2.043897,0.000890,-0.024366,0.024964
7.150000,0.018895,-0.047829,-2.044233,0.004133,-0.023934,0.010253
7.200000,0.019311,-0.047880,-2.043981,0.007637,-0.015763,-0.008320
7.250000,0.025895,-0.046509,-2.043924,0.012375,-0.018143,-0.027136
7.300000,0.025425,-0.042181,-2.043540,0.011387,-0.016579,-0.038775
7.350000,0.020359,-0.044594,-2.043219,0.011899,-0.018933,-0.036482
7.400000,0.020145,-0.041692,-2.043157,0.008375,-0.017811,-0.044364
7.450000,0.020406,-0.046838,-2.042642,0.010685,-0.022060,-0.033134
7.500000,0.019569,-0.044125,-2.042908,0.009304,-0.021076,-0.039077
7.550000,0.021299,-0.042458,-2.042983,0.007254,-0.024134,-0.053313
7.600000,0.021415,-0.039508,-2.043061,0.006313,-0.022901,-0.075680
7.650000,0.019559,-0.038994,-2.043205,0.002226,-0.021782,-0.083796
7.700000,0.018063,-0.036156,-2.043489,0.002234,-0.015346,-0.074951
7.750000,0.021729,-0.024977,-2.043817,-0.001218,-0.012336,-0.058288
7.800000,0.022549,-0.004546,-2.044088,-0.002342,-0.010450,-0.043475
7.850000,0.020628,0.007591,-2.044160,0.000092,-0.010749,-0.024957
7.900000,0.018833,0.010715,-2.044313,0.003624,-0.009027,-0.011043
7.950000,0.017547,0.009906,-2.043993,0.000008,-0.001396,-0.000586
8.000000,0.018028,0.009832,-2.043688,-0.000137,0.000666,-0.001189
8.050000,0.018096,0.010096,-2.043763,0.000009,-0.000036,-0.000427
8.100000,0.018153,0.010236,-2.043179,-0.000720,-0.000825,-0.000442
8.150001,0.018216,0.010174,-2.043047,-0.000558,-0.000818,-0.000291
8.200000,0.018339,0.010182,-2.042589,-0.000734,-0.000808,0.000321
8.250000,0.018556,0.010439,-2.043038,-0.000480,-0.000330,0.000014
8.300000,0.018555,0.010374,-2.043037,0.000401,-0.000635,0.000629
8.350000,0.018420,0.010373,-2.042912,0.001468,-0.000547,0.000474
8.400001,0.018284,0.010043,-2.043107,0.001489,-0.001574,-0.000082
8.450000,0.018360,0.010238,-2.043300,0.000855,-0.003077,-0.000493
8.500000,0.018090,0.010039,-2.043241,0.000624,-0.004579,-0.000746
8.550000,0.017888,0.009842,-2.043309,0.000937,-0.005832,-0.000069
8.600000,0.017746,0.009648,-2.043052,0.000701,-0.006142,-0.000158
8.650001,0.017413,0.009512,-2.043060,0.000715,-0.006375,-0.000476
8.700000,0.017535,0.009387,-2.042734,0.001128,-0.005176,-0.000547
8.750000,0.017733,0.009454,-2.042666,0.001769,-0.004527,-0.000005
8.800000,0.017998,0.009390,-2.042788,0.001934,-0.003645,0.000073
8.850000,0.017677,0.009513,-2.043056,0.001284,-0.003794,0.000215
8.900001,0.017497,0.009700,-2.043645,0.000961,-0.004657,0.000352
8.950000,0.017371,0.009563,-2.044036,0.001366,-0.004651,0.000505
9.000000,0.017117,0.009686,-2.044368,0.001135,-0.005443,0.000107
9.050000,0.016987,0.009684,-2.044436,0.001471,-0.005362,-0.000202
9.100000,0.017113,0.009558,-2.044301,0.002050,-0.004883,-0.000507
9.150001,0.016977,0.009691,-2.043981,0.002270,-0.004393,0.000421
9.200000,0.017043,0.009826,-2.043849,0.002370,-0.004474,-0.000200
9.250000,0.017359,0.009573,-2.043513,0.001970,-0.004629,-0.000362
9.300000,0.017028,0.009570,-2.043457,0.001491,-0.003920,-0.000753
9.350000,0.016934,0.008860,-2.042999,0.000279,-0.004560,-0.001084
9.400001,0.017152,0.009445,-2.043323,0.001608,-0.003985,0.000847
9.450000,0.017098,0.009501,-2.043844,0.001593,-0.005012,0.001368
9.500000,0.016960,0.009174,-2.043909,0.002150,-0.006118,0.001814
9.550000,0.016818,0.008981,-2.043650,0.001810,-0.006199,0.002182
9.600000,0.016813,0.008720,-2.043712,0.002624,-0.006601,0.002014
9.650001,0.016617,0.008385,-2.044234,0.003187,-0.006842,0.002078
9.700000,0.016619,0.008054,-2.044685,0.002944,-0.007407,0.001822
9.750000,0.016558,0.008049,-2.044757,0.002792,-0.007261,0.001189
9.800000,0.016157,0.007978,-2.044704,0.002776,-0.006947,0.001560
9.850000,0.016150,0.007851,-2.044510,0.002844,-0.006478,0.001776
9.900001,0.015484,0.007781,-2.044332,0.002119,-0.006498,0.001138
9.950000,0.011085,0.009102,-2.044201,0.000547,-0.005529,0.004746
10.000000,0.005591,0.008583,-2.044409,0.000867,-0.005281,0.007508
10.050000,-0.002509,0.009533,-2.044697,0.001150,-0.004887,0.017752
10.100000,-0.008740,0.008679,-2.044730,0.000572,-0.003795,0.017586
10.150000,-0.014087,0.010096,-2.046502,-0.001975,-0.004791,0.015073
10.200000,-0.021388,0.009771,-2.045333,-0.002801,-0.002506,0.024092
10.250000,-0.024721,0.011013,-2.042450,-0.005392,-0.000767,0.017054
10.300000,-0.027282,0.012432,-2.041621,-0.006205,-0.002168,0.013465
10.350000,-0.029272,0.012877,-2.041422,-0.003079,-0.008886,0.017794
10.400000,-0.033657,0.011344,-2.041867,-0.003209,-0.012408,0.025219
10.450000,-0.032060,0.013384,-2.041797,-0.001818,-0.006561,0.015152
10.500000,-0.034429,0.014301,-2.041597,-0.000503,-0.005971,0.020154
10.550000,-0.034998,0.014785,-2.041392,-0.000327,-0.020243,0.004343
10.600000,-0.033540,0.014954,-2.040927,0.003228,-0.016649,-0.001414
10.650000,-0.030888,0.015727,-2.041441,0.001217,-0.007871,-0.012015
10.700000,-0.028605,0.012856,-2.041627,-0.001989,-0.003645,-0.026445
10.750000,-0.028418,0.013594,-2.041618,-0.003297,-0.005319,-0.035674
10.800000,-0.022647,0.011767,-2.041864,-0.003897,-0.014652,-0.049904
10.850000,-0.015314,0.012113,-2.041521,-0.003342,-0.015749,-0.049553
10.900000,-0.021754,0.013914,-2.041573,-0.001348,-0.017695,-0.011871
10.950000,-0.020278,0.011219,-2.040854,-0.003386,-0.016919,-0.005886
11.000000,-0.011735,0.011502,-2.040444,-0.002369,-0.017025,-0.010620
11.050000,-0.003691,0.013878,-2.040373,-0.001802,-0.013762,-0.019876
11.100000,0.005030,0.014307,-2.040481,-0.001402,-0.012395,-0.028836
11.150000,0.004941,0.015468,-2.040860,-0.007635,-0.010939,-0.036064
11.200000,0.005939,0.017088,-2.040777,-0.005696,-0.017491,-0.035452
11.250000,0.006163,0.017734,-2.040515,-0.004644,-0.016986,-0.035242
11.300000,0.006233,0.018062,-2.040576,-0.004572,-0.018067,-0.034819
11.350000,0.006294,0.018199,-2.040187,-0.005043,-0.018597,-0.035401
11.400000,0.006155,0.018068,-2.039995,-0.005268,-0.019125,-0.035979
11.450000,0.006757,0.018137,-2.040239,-0.005514,-0.019011,-0.035779
11.500000,0.010958,0.017076,-2.040119,-0.003959,-0.019480,-0.039046
11.550000,0.016508,0.017402,-2.039715,-0.004441,-0.018997,-0.042159
11.600000,0.024549,0.016578,-2.039688,-0.004713,-0.018742,-0.053063
11.650000,0.030923,0.017492,-2.040107,-0.003890,-0.018547,-0.053240
11.700000,0.036211,0.016202,-2.038531,-0.001189,-0.016737,-0.050690
11.750000,0.043512,0.016395,-2.039830,-0.000225,-0.018677,-0.059060
11.800000,0.046718,0.015217,-2.042845,0.002287,-0.020954,-0.052383
11.850000,0.048955,0.013989,-2.043748,0.002790,-0.019938,-0.049620
11.900000,0.050623,0.013867,-2.043894,-0.001147,-0.013679,-0.054314
11.950000,0.055139,0.015401,-2.043446,-0.000368,-0.009820,-0.061935
12.000000,0.053600,0.013300,-2.043256,-0.002245,-0.015492,-0.052226
12.050000,0.055630,0.012252,-2.043206,-0.003808,-0.015824,-0.057352
12.100000,0.056056,0.011641,-2.043023,-0.003847,-0.001288,-0.040893
12.150000,0.054523,0.011345,-2.043166,-0.007891,-0.005023,-0.035342
12.200000,0.051282,0.010495,-2.042992,-0.005650,-0.014095,-0.024483
12.250000,0.048936,0.013295,-2.043003,-0.002856,-0.018856,-0.010108
12.300000,0.048754,0.012619,-2.043208,-0.001315,-0.016915,-0.000695
12.350000,0.042856,0.014376,-2.043289,-0.000234,-0.007554,0.013564
12.400000,0.035661,0.014359,-2.043566,-0.000134,-0.006814,0.013091
12.450000,0.041921,0.013074,-2.043718,-0.001227,-0.003797,-0.024852
12.500000,0.039968,0.015241,-2.044318,-0.000815,-0.004483,-0.033898
12.550000,0.031551,0.014900,-2.044465,-0.002305,-0.003540,-0.029589
12.600000,0.023381,0.012914,-2.044350,-0.003759,-0.005966,-0.020529
12.650000,0.014940,0.012743,-2.044756,-0.004292,-0.006653,-0.012451
12.700000,0.015033,0.011712,-2.044378,0.001051,-0.007494,-0.005104
12.750000,0.014296,0.010162,-2.044260,-0.000715,-0.000565,-0.005748
12.800000,0.014141,0.009779,-2.044392,-0.001351,-0.001086,-0.005914
12.850000,0.014008,0.009314,-2.044846,-0.000930,-0.000884,-0.005987
12.900000,0.014074,0.009183,-2.044973,-0.000607,-0.000443,-0.005438
12.950000,0.014402,0.009054,-2.045093,-0.000368,-0.000557,-0.004818
13.000000,0.014472,0.009053,-2.045285,-0.000862,-0.001379,-0.004051
13.050000,0.014486,0.009112,-2.045803,-0.000933,-0.001889,-0.003896
13.100000,0.014161,0.009104,-2.046070,-0.000354,-0.001604,-0.003730
13.150000,0.014296,0.009039,-2.046261,0.000130,-0.001070,-0.003020
13.200000,0.013754,0.008977,-2.045626,-0.000842,-0.002682,-0.002491
13.250000,0.013820,0.008913,-2.045688,-0.000753,-0.003025,-0.002177
13.300000,0.013824,0.008846,-2.045945,-0.001377,-0.003924,-0.002485
13.350000,0.013828,0.008711,-2.046268,-0.001847,-0.003710,-0.002473
13.400000,0.013893,0.008513,-2.046459,-0.002557,-0.002783,-0.002687
13.450000,0.013890,0.008383,-2.046458,-0.001735,-0.002642,-0.002359
13.500000,0.013889,0.008384,-2.046393,-0.001964,-0.003616,-0.002278
13.550000,0.013556,0.008317,-2.046336,-0.001149,-0.002917,-0.001714
13.600000,0.013429,0.008379,-2.046534,-0.000817,-0.003648,-0.001318
13.650000,0.013364,0.008178,-2.046860,-0.001125,-0.003591,-0.001381
13.700000,0.013490,0.007918,-2.046855,-0.000458,-0.003134,-0.001434
13.750000,0.013959,0.008118,-2.046973,-0.000367,-0.001883,-0.001252
13.800000,0.014088,0.008121,-2.046839,-0.000498,-0.002226,-0.001857
13.850000,0.013691,0.007986,-2.046914,0.000485,-0.000504,-0.001662
13.900000,0.014261,0.007413,-2.046376,0.002112,0.001778,-0.001226
13.950000,0.017950,0.007064,-2.046338,0.005403,0.004860,0.000691
14.000000,0.019855,0.006429,-2.046604,0.005997,0.003978,0.003174
14.050000,0.028295,0.006140,-2.046180,0.005594,0.002649,-0.008697
14.100000,0.035422,0.007152,-2.044635,0.004787,0.002288,-0.017786
14.150000,0.045645,0.007145,-2.043907,0.003417,0.004597,-0.021146
14.200000,0.050665,0.007599,-2.043764,0.004250,0.009314,-0.021772
14.250000,0.053929,0.010249,-2.043886,0.002746,0.009200,-0.020143
14.300000,0.054973,0.006934,-2.043946,-0.000242,0.012375,-0.005766
14.350000,0.055880,0.003488,-2.043744,-0.003840,0.007944,0.001212
14.400000,0.057090,0.002804,-2.043341,-0.004056,0.016530,0.009020
14.450000,0.056927,0.001036,-2.043198,-0.002652,0.022926,0.020133
14.500000,0.057796,0.001238,-2.043451,-0.001485,0.027917,0.024984
14.550000,0.055657,0.000767,-2.043179,0.001064,0.019236,0.036121
14.600000,0.060618,-0.000463,-2.042642,-0.000756,0.026848,0.033883
14.650000,0.059342,-0.000243,-2.042426,-0.000783,0.020506,0.040938
14.700000,0.062857,-0.001825,-2.042018,-0.004184,0.009692,0.037291
14.750000,0.062345,0.000079,-2.041864,-0.004235,0.021458,0.038650
14.800000,0.063789,0.000385,-2.041591,-0.003872,0.020189,0.046063
14.850000,0.066179,-0.000127,-2.041645,-0.005395,0.025153,0.050747
14.900000,0.064807,-0.003247,-2.041316,-0.004394,0.024618,0.052387
14.950000,0.063826,-0.004545,-2.041040,-0.005757,0.031458,0.054156
15.000000,0.061644,-0.005894,-2.040832,-0.007276,0.027000,0.052816
15.050000,0.062977,-0.004627,-2.040886,-0.007541,0.017561,0.044265
15.100000,0.057230,-0.005091,-2.041323,-0.008639,0.011698,0.045460
15.150000,0.054845,-0.004675,-2.041178,-0.010237,0.008371,0.047056
15.200000,0.052291,-0.004278,-2.040968,-0.008849,0.006482,0.049453
15.250000,0.050064,-0.004844,-2.041018,-0.007136,0.008214,0.048799
15.300000,0.050203,-0.004846,-2.040617,-0.007971,0.007381,0.046094
15.350000,0.048281,-0.005592,-2.040601,-0.007534,0.008408,0.047420
15.400000,0.042877,-0.008005,-2.040390,-0.009253,0.008968,0.050349
15.450000,0.036142,-0.005079,-2.040788,-0.010009,0.007527,0.059898
15.500000,0.033123,-0.004995,-2.040942,-0.015069,0.004011,0.060149
15.550000,0.032122,-0.004469,-2.040395,-0.015266,0.002938,0.057980
15.600000,0.024215,-0.004177,-2.040869,-0.013504,0.005016,0.070582
15.650000,0.027783,-0.012309,-2.042459,-0.012275,-0.002023,0.074410
15.700000,0.018019,-0.012296,-2.043111,-0.009540,-0.002485,0.078123
15.750000,0.013522,-0.013004,-2.043238,-0.010072,-0.007970,0.079459
15.800000,0.010664,-0.015590,-2.043496,-0.009137,-0.008485,0.077532
15.850000,0.010154,-0.012008,-2.043360,-0.006475,-0.012525,0.062855
15.900000,0.009521,-0.008564,-2.043944,-0.003282,-0.008009,0.055509
15.950000,0.008960,-0.007864,-2.043811,-0.003383,-0.016280,0.046948
16.000000,0.009523,-0.006294,-2.044396,-0.004410,-0.022032,0.036476
16.050000,0.008726,-0.006300,-2.044208,-0.006304,-0.027817,0.031089
16.100000,0.011455,-0.005951,-2.044397,-0.008535,-0.019059,0.019738
16.150000,0.007011,-0.004840,-2.044531,-0.006321,-0.026514,0.021915
16.200000,0.008885,-0.004854,-2.044603,-0.006820,-0.020324,0.015795
16.250000,0.005825,-0.003396,-2.044804,-0.002935,-0.009044,0.018996
16.300000,0.007004,-0.005032,-2.044942,-0.001745,-0.019710,0.017047
16.350000,0.006031,-0.005272,-2.045527,-0.002112,-0.018541,0.009092
16.400000,0.004095,-0.004818,-2.045203,-0.000282,-0.023763,0.004326
16.450000,0.005785,-0.001686,-2.044876,-0.001379,-0.022933,0.002452
16.500000,0.007226,-0.000380,-2.045010,0.000695,-0.030982,0.000824
16.550000,0.009794,0.000846,-2.044948,0.002113,-0.026784,0.002155
16.600000,0.008931,-0.000483,-2.045269,0.001790,-0.017287,0.010697
16.650000,0.015415,-0.000083,-2.045331,0.002704,-0.011611,0.009483
16.700000,0.018335,-0.000300,-2.045592,0.004048,-0.008158,0.007483
16.750000,0.021290,-0.000629,-2.045922,0.003631,-0.006223,0.004456
16.800000,0.023659,0.000198,-2.046063,0.001260,-0.008311,0.004615
16.850000,0.023783,0.000137,-2.046457,0.001262,-0.008782,0.007278
16.900000,0.025980,0.001012,-2.046791,0.000782,-0.009676,0.006698
16.950000,0.032048,0.003562,-2.046985,0.001334,-0.011781,0.004024
17.000000,0.038806,0.001284,-2.046916,0.000044,-0.012525,-0.005820
17.050000,0.038330,0.001289,-2.046856,0.001856,-0.012315,-0.007081
17.100000,0.037770,0.001394,-2.047774,0.001931,-0.010750,-0.007260
17.150000,0.037548,0.001142,-2.047130,0.001105,-0.011484,-0.007156
17.200000,0.027386,0.008132,-2.047523,0.001548,-0.004084,-0.001449
17.250000,0.027324,0.008065,-2.047717,0.000495,-0.006175,-0.001979
17.300000,0.026925,0.008125,-2.047599,0.001044,-0.005162,-0.001701
17.350000,0.026782,0.007866,-2.047341,0.001694,-0.004476,-0.002200
17.400000,0.026585,0.007798,-2.047474,0.001609,-0.003869,-0.002549
17.450000,0.026512,0.007868,-2.047088,0.001749,-0.002859,-0.002199
17.500000,0.026392,0.008058,-2.047417,0.001399,-0.002090,-0.001857
17.550000,0.026381,0.008131,-2.046834,0.000993,-0.002598,-0.002375
17.600000,0.026381,0.008197,-2.046769,0.001146,-0.001754,-0.002569
17.650000,0.026251,0.008326,-2.046710,0.001621,-0.001307,-0.002691
17.700000,0.026532,0.008451,-2.047351,0.001375,-0.000706,-0.003201
17.750000,0.026661,0.008323,-2.047347,0.001541,-0.001534,-0.003875
17.800000,0.026663,0.008323,-2.047412,0.000651,-0.002524,-0.004637
17.850000,0.026788,0.007998,-2.047471,-0.000338,-0.002477,-0.004772
17.900000,0.026836,0.007812,-2.046820,-0.000185,-0.003294,-0.004898
17.950000,0.027036,0.007748,-2.046943,-0.000292,-0.002361,-0.004471
18.000000,0.026983,0.007937,-2.047401,0.000417,-0.003015,-0.004131
18.050000,0.027180,0.007940,-2.047331,0.000073,-0.002323,-0.004015
18.100000,0.027244,0.007741,-2.047458,0.000616,-0.002024,-0.003592
18.150000,0.026854,0.008061,-2.047536,0.000597,-0.001253,-0.003476
18.200000,0.026793,0.008124,-2.047732,0.000198,-0.001594,-0.004210
18.250000,0.026730,0.008254,-2.047668,0.000263,-0.001371,-0.004090
18.300000,0.026977,0.008203,-2.046820,-0.000163,-0.000355,-0.003887
18.350000,0.026903,0.008073,-2.046692,-0.000694,-0.000041,-0.002761
18.400000,0.026510,0.008464,-2.046446,-0.001665,-0.001964,-0.003354
18.450000,0.026613,0.009436,-2.047033,-0.005097,-0.004835,-0.003121
18.500000,0.025990,0.012608,-2.048302,-0.007541,-0.007389,-0.003336
18.550000,0.024337,0.011797,-2.049182,-0.008078,-0.008154,-0.007999
18.600000,0.022829,0.007466,-2.054765,-0.013419,-0.004270,-0.015573
18.650000,0.021531,0.008499,-2.064008,-0.013055,0.005595,-0.020670
18.700000,0.029432,0.007116,-2.086141,-0.025550,0.007561,-0.037403
18.750000,0.029704,0.009085,-2.099885,-0.021186,0.018543,-0.033981
18.800000,0.031184,0.004053,-2.116332,-0.031352,0.020295,-0.031341
18.850000,0.033154,0.001925,-2.130778,-0.030797,0.015356,-0.015898
18.900000,0.033383,-0.001689,-2.142671,-0.012128,0.026132,0.006038
18.950000,0.029379,-0.001309,-2.149779,0.008580,0.040849,0.024627
19.000000,0.029954,-0.000624,-2.157414,0.021277,0.065948,0.017197
19.050000,0.036322,0.001708,-2.159073,0.039343,0.088802,-0.011431
19.100000,0.045272,0.005923,-2.158732,0.054368,0.128106,-0.045326
19.150000,0.056600,0.008703,-2.150737,0.076005,0.169739,-0.077158
19.200000,0.066551,0.007214,-2.138797,0.098227,0.198419,-0.094061
19.250000,0.071088,0.005063,-2.118445,0.134209,0.223948,-0.093332
19.300000,0.080477,-0.003131,-2.100187,0.154710,0.223132,-0.090845
19.350000,0.086307,-0.009381,-2.080095,0.174796,0.209369,-0.081611
19.400000,0.094373,-0.018069,-2.068543,0.171971,0.191303,-0.088277
19.450000,0.101164,-0.025768,-2.054961,0.191301,0.157746,-0.074677
19.500000,0.106660,-0.035198,-2.047750,0.195742,0.159828,-0.082815
19.550000,0.111204,-0.045150,-2.039783,0.214774,0.141911,-0.076631
19.600000,0.118291,-0.054697,-2.032981,0.213527,0.135707,-0.087807
19.650000,0.125859,-0.063961,-2.029732,0.216318,0.134304,-0.094981
19.700000,0.136335,-0.074651,-2.028209,0.218482,0.129113,-0.099880
19.750000,0.144552,-0.084235,-2.024878,0.218865,0.128783,-0.102199
19.800000,0.153048,-0.095478,-2.024118,0.214101,0.134137,-0.106730
19.850000,0.161590,-0.104102,-2.022531,0.215428,0.132340,-0.104737
19.900000,0.169660,-0.114380,-2.022372,0.215615,0.133001,-0.102727
19.950000,0.177068,-0.124798,-2.022295,0.216497,0.137613,-0.102451
20.000000,0.184629,-0.135980,-2.021042,0.217513,0.138083,-0.104063
20.050000,0.192638,-0.149290,-2.018337,0.222435,0.139538,-0.102714
20.100000,0.202028,-0.158428,-2.016791,0.222591,0.138225,-0.099410
20.150000,0.211639,-0.163758,-2.008850,0.232861,0.133166,-0.091070
20.200000,0.220632,-0.175179,-1.997449,0.232763,0.123766,-0.087223
20.250000,0.220854,-0.183734,-1.974123,0.246495,0.121633,-0.071588
20.300000,0.228220,-0.196694,-1.959385,0.240252,0.114271,-0.078169
20.350000,0.234301,-0.202183,-1.940912,0.250603,0.114018,-0.082047
20.400000,0.238986,-0.210331,-1.924984,0.248514,0.124001,-0.101405
20.450000,0.247030,-0.217418,-1.910528,0.228077,0.110998,-0.124389
20.500000,0.258366,-0.227748,-1.902375,0.202590,0.097778,-0.144009
20.550000,0.266461,-0.237980,-1.893988,0.187354,0.068137,-0.139117
20.600000,0.268638,-0.249865,-1.891968,0.167332,0.047243,-0.113657
20.650000,0.268029,-0.263829,-1.891757,0.152042,0.008876,-0.082313
20.700000,0.265877,-0.276863,-1.898722,0.132161,-0.033213,-0.049486
20.750000,0.263899,-0.284839,-1.908050,0.112151,-0.057022,-0.030454
20.800000,0.267608,-0.293149,-1.927395,0.073021,-0.080969,-0.032354
20.850000,0.266488,-0.294241,-1.944458,0.054414,-0.079250,-0.032904
20.900000,0.268712,-0.298459,-1.963871,0.033349,-0.064262,-0.039209
20.950000,0.268326,-0.298799,-1.974118,0.039243,-0.046255,-0.031917
21.000000,0.270711,-0.301754,-1.987185,0.017713,-0.010709,-0.045596
21.050000,0.273126,-0.302785,-1.993139,0.014469,-0.011634,-0.033745
21.100000,0.277553,-0.303019,-1.999627,-0.003293,0.009636,-0.038972
21.150000,0.277855,-0.303282,-2.004799,-0.000553,0.016849,-0.023003
21.200000,0.278339,-0.303753,-2.006338,-0.002545,0.021994,-0.015486
21.250000,0.275677,-0.303439,-2.005117,-0.003841,0.031012,-0.009780
21.300000,0.275806,-0.303965,-2.005498,-0.005850,0.031744,-0.007625
21.350000,0.276943,-0.303433,-2.005601,-0.005491,0.025894,-0.005670
21.400000,0.278595,-0.304741,-2.007169,-0.006356,0.026443,-0.006748
21.450000,0.280766,-0.304579,-2.006528,-0.003778,0.029923,-0.008861
21.500000,0.283522,-0.304799,-2.005805,-0.004327,0.027965,-0.006489
21.550000,0.284613,-0.305231,-2.004802,0.000042,0.034279,-0.002704
21.600000,0.285319,-0.305542,-2.004198,-0.001126,0.036593,-0.001608
21.650000,0.285900,-0.305857,-2.003920,-0.001712,0.041682,-0.001023
21.700000,0.288306,-0.306776,-2.006249,-0.010433,0.044563,-0.006365
21.750000,0.291619,-0.306413,-2.006293,-0.006030,0.045315,-0.003709
21.800000,0.294178,-0.306174,-2.005252,-0.005315,0.049929,-0.003121
21.850000,0.295743,-0.305081,-2.002950,-0.004083,0.051944,-0.000548
21.900000,0.298930,-0.304126,-2.002548,-0.007129,0.055025,-0.002232
21.950000,0.302368,-0.305082,-2.003746,-0.007816,0.052688,0.002218
22.000000,0.304308,-0.304612,-2.004345,-0.003615,0.056277,0.003201
22.050000,0.307972,-0.304945,-2.003012,0.002639,0.054152,0.003527
22.100000,0.310745,-0.305003,-1.999892,0.008460,0.060204,0.004695
22.150000,0.313371,-0.303749,-1.991342,0.015602,0.060252,0.008285
22.200000,0.316308,-0.301087,-1.980332,0.010712,0.068025,0.008484
22.250000,0.318850,-0.297639,-1.968560,-0.009696,0.076456,0.005132
22.300000,0.320572,-0.294951,-1.959461,-0.042424,0.075206,0.003476
22.350000,0.322430,-0.293433,-1.954951,-0.076403,0.076396,-0.000094
22.400000,0.326589,-0.287550,-1.947949,-0.097603,0.064989,0.005239
22.450000,0.329927,-0.283470,-1.948018,-0.125903,0.068143,-0.000982
22.500000,0.332140,-0.273704,-1.941482,-0.142026,0.062074,0.005970
22.550000,0.332533,-0.265278,-1.941013,-0.160545,0.064604,0.008051
22.600000,0.339154,-0.254782,-1.942075,-0.184177,0.054219,0.003970
22.650000,0.341514,-0.249107,-1.944061,-0.208947,0.049942,0.008808
22.700000,0.345172,-0.237524,-1.944370,-0.208321,0.058096,0.015519
22.750000,0.346400,-0.228145,-1.941617,-0.208342,0.050125,0.037660
22.800000,0.350647,-0.220351,-1.942853,-0.205322,0.033187,0.058811
22.850000,0.349233,-0.213917,-1.943584,-0.199045,0.019770,0.082789
22.900000,0.351116,-0.204280,-1.946453,-0.190466,-0.007956,0.103101
22.950000,0.348093,-0.196012,-1.950155,-0.192804,-0.024566,0.117823
23.000000,0.347531,-0.188168,-1.958261,-0.209014,-0.037805,0.112985
23.050000,0.342237,-0.179647,-1.960600,-0.211063,-0.047774,0.107638
23.100000,0.342056,-0.166070,-1.964523,-0.215272,-0.055279,0.085796
23.150000,0.338251,-0.152605,-1.969061,-0.223907,-0.070679,0.077510
23.200000,0.335812,-0.143311,-1.974311,-0.239860,-0.078903,0.065930
23.250000,0.322997,-0.132076,-1.977065,-0.239310,-0.092564,0.082005
23.300000,0.318790,-0.121155,-1.981077,-0.256489,-0.110306,0.070872
23.350000,0.310351,-0.111934,-1.986875,-0.261014,-0.126849,0.076172
23.400000,0.306169,-0.104209,-1.995789,-0.264861,-0.142958,0.068213
23.450000,0.302020,-0.094475,-2.000827,-0.254685,-0.157469,0.067982
23.500000,0.294707,-0.083059,-2.004343,-0.243352,-0.168860,0.079124
23.550000,0.289037,-0.071352,-2.007038,-0.242187,-0.175803,0.075133
23.600000,0.282239,-0.058019,-2.013924,-0.239517,-0.173105,0.075402
23.650000,0.272625,-0.045907,-2.017182,-0.239042,-0.204781,0.073419
23.700000,0.259656,-0.040026,-2.025087,-0.245159,-0.216583,0.077210
23.750000,0.252349,-0.029296,-2.035919,-0.234394,-0.236597,0.082486
23.800000,0.240228,-0.022888,-2.048924,-0.217161,-0.258413,0.089170
23.850000,0.229178,-0.014755,-2.060552,-0.187571,-0.269000,0.089699
23.900000,0.218617,-0.005557,-2.066084,-0.150147,-0.273027,0.095114
23.950000,0.205877,-0.001773,-2.074744,-0.128734,-0.262990,0.087765
24.000000,0.194014,0.004215,-2.075492,-0.100047,-0.266537,0.094601
24.050000,0.184453,0.003547,-2.083325,-0.086350,-0.259291,0.086953
24.100000,0.175268,0.004661,-2.085006,-0.063929,-0.262612,0.084810
24.150000,0.160285,0.005143,-2.085216,-0.041256,-0.252028,0.085031
24.200000,0.148955,0.009589,-2.084772,-0.018342,-0.250858,0.079538
24.250000,0.137642,0.007813,-2.086099,-0.020154,-0.260088,0.068337
24.300000,0.128372,0.008364,-2.090692,-0.021827,-0.255460,0.045617
24.350000,0.116230,0.010426,-2.092070,-0.025315,-0.243213,0.023650
24.400000,0.109150,0.013976,-2.093645,-0.029260,-0.230266,0.000453
24.450000,0.097497,0.014855,-2.091372,-0.033356,-0.202595,-0.017444
24.500000,0.090081,0.016637,-2.088473,-0.032235,-0.186155,-0.032483
24.550000,0.080333,0.018843,-2.081169,-0.017652,-0.176815,-0.027767
24.600000,0.075399,0.020561,-2.080082,-0.014259,-0.167185,-0.024267
24.650000,0.066697,0.017489,-2.078219,-0.011933,-0.163206,-0.005090
24.700000,0.062141,0.014209,-2.075789,-0.004695,-0.148395,0.000483
24.750000,0.055932,0.015307,-2.071428,0.011894,-0.142873,0.012426
24.800000,0.058111,0.014646,-2.068968,0.015138,-0.130370,0.000217
24.850000,0.051302,0.013754,-2.066681,0.027223,-0.113847,0.009998
24.900000,0.048993,0.014101,-2.063247,0.030029,-0.102072,0.005030
24.950000,0.043573,0.016602,-2.057125,0.033623,-0.091840,0.013241
25.000000,0.036907,0.016233,-2.054709,0.026448,-0.081271,0.016691
25.050000,0.034202,0.016112,-2.051799,0.015973,-0.073472,0.003746
25.100000,0.029327,0.014633,-2.051012,0.012418,-0.068991,0.008781
25.150000,0.024930,0.011513,-2.046572,0.008007,-0.070976,0.009510
25.200000,0.022777,0.009195,-2.047326,0.004080,-0.041603,0.012685
25.250000,0.024513,0.011743,-2.048335,0.005167,-0.032837,0.008298
25.300000,0.020215,0.008095,-2.049202,0.000517,-0.021130,0.005447
25.350000,0.020423,0.008357,-2.049328,0.002643,-0.007994,0.001645
25.400000,0.021506,0.006737,-2.049288,0.003154,-0.001820,0.000548
25.450000,0.021549,0.006289,-2.048700,0.003069,-0.001031,0.000556
25.500000,0.021199,0.006097,-2.047996,0.000957,-0.000168,0.000322
25.550000,0.021413,0.006619,-2.048123,0.002389,-0.000425,-0.001600
25.600000,0.020755,0.006544,-2.048335,0.001813,-0.001619,-0.001458
25.650000,0.019846,0.007584,-2.047848,-0.000549,-0.002419,-0.001401
25.700000,0.020363,0.007001,-2.047959,-0.000726,-0.004401,-0.000879
25.750000,0.020422,0.006805,-2.047892,-0.000491,-0.003689,-0.000638
25.800000,0.020361,0.006871,-2.047958,-0.000251,-0.003059,-0.000629
25.850000,0.020231,0.006934,-2.047962,0.000248,-0.003545,-0.001168
25.900000,0.020509,0.007191,-2.048346,0.000585,-0.002841,-0.001775
25.950000,0.020059,0.007312,-2.048746,-0.000630,-0.002453,-0.002084
26.000000,0.020063,0.007572,-2.048683,-0.002010,-0.002382,-0.002320
26.050000,0.019999,0.007767,-2.048557,-0.001919,-0.002151,-0.002778
26.100000,0.019941,0.008028,-2.048624,-0.002882,-0.002559,-0.003401
26.150000,0.020058,0.007907,-2.048037,-0.002728,-0.002879,-0.003245
26.200000,0.020037,0.007590,-2.047388,-0.002404,-0.003517,-0.003323
26.250000,0.020107,0.007852,-2.047258,-0.002656,-0.004234,-0.003173
26.300000,0.019980,0.007715,-2.047649,-0.001921,-0.003922,-0.003471
26.350000,0.020044,0.007782,-2.047518,-0.002168,-0.004243,-0.003548
26.400000,0.020114,0.007913,-2.047517,-0.002819,-0.004090,-0.003700
26.450000,0.020389,0.008106,-2.047835,-0.003790,-0.003860,-0.004084
26.500000,0.020382,0.007715,-2.047897,-0.003233,-0.003860,-0.003845
26.550000,0.020313,0.007979,-2.047513,-0.003401,-0.004180,-0.003843
26.600000,0.020238,0.007851,-2.047321,-0.002927,-0.004100,-0.003525
26.650000,0.020370,0.007920,-2.047251,-0.002665,-0.002523,-0.004429
26.700000,0.020306,0.008118,-2.047061,-0.002671,-0.002128,-0.004419
26.750000,0.020366,0.007791,-2.047123,-0.002282,-0.001491,-0.004018
26.800000,0.020230,0.007726,-2.046996,-0.001885,-0.000142,-0.003919
26.850000,0.020434,0.007857,-2.047056,-0.002606,-0.000308,-0.004533
26.900000,0.020687,0.007799,-2.046661,-0.002867,0.000329,-0.004135
26.950000,0.020692,0.007863,-2.046791,-0.002620,0.000806,-0.004429
27.000000,0.020637,0.008187,-2.046989,-0.002210,0.001282,-0.004722
27.050000,0.020974,0.008123,-2.047302,-0.002219,0.002001,-0.004553
27.100000,0.021096,0.007999,-2.046974,-0.002766,0.002392,-0.005545
27.150000,0.021088,0.007938,-2.046650,-0.002454,0.002241,-0.005226
27.200000,0.021487,0.008071,-2.046705,-0.001969,0.001294,-0.005222
27.250000,0.021092,0.008197,-2.046651,-0.001877,0.002722,-0.005813
27.300000,0.021163,0.008263,-2.046713,-0.001853,0.001688,-0.006813
27.350000,0.020891,0.008132,-2.046525,-0.002187,0.000824,-0.006581
27.400000,0.020763,0.008194,-2.046658,-0.002340,0.001306,-0.007028
27.450000,0.020752,0.008070,-2.046269,-0.002915,0.000919,-0.006868
27.500000,0.020943,0.008208,-2.045812,-0.001866,0.001250,-0.006615
27.550000,0.021066,0.007885,-2.045742,-0.001314,0.001110,-0.005983
27.600000,0.021065,0.007555,-2.046062,-0.001002,0.002951,-0.005565
27.650000,0.021323,0.007297,-2.046055,-0.000035,0.002650,-0.005241
27.700000,0.021065,0.007421,-2.046258,-0.000741,0.001782,-0.006163
27.750000,0.020939,0.007613,-2.046328,-0.000322,0.002665,-0.006601
27.800000,0.020877,0.007545,-2.046587,-0.000555,0.002992,-0.006971
27.850000,0.020949,0.007610,-2.046714,-0.001050,0.002454,-0.006654
27.900000,0.020874,0.007483,-2.046393,-0.001217,0.002154,-0.006410
27.950000,0.021122,0.007230,-2.045996,-0.000737,0.002573,-0.006001
28.000000,0.020783,0.007100,-2.045745,-0.000495,0.003147,-0.005824
28.050000,0.021117,0.007365,-2.045674,-0.000835,0.003487,-0.005189
28.100000,0.021371,0.007112,-2.045405,-0.001567,0.002951,-0.005026
28.150000,0.021505,0.007309,-2.045275,-0.001495,0.003530,-0.004540
28.200000,0.021634,0.007245,-2.045208,-0.002643,0.002203,-0.004000
28.250000,0.021775,0.007306,-2.045592,-0.002959,0.001428,-0.004145
28.300000,0.022112,0.007572,-2.045519,-0.002854,0.000491,-0.004829
28.350000,0.022173,0.007445,-2.045386,-0.002865,-0.000198,-0.004201
28.400000,0.021976,0.007509,-2.045391,-0.003038,-0.000726,-0.003571
28.450000,0.021714,0.007572,-2.045398,-0.002849,-0.000869,-0.004323
28.500000,0.021711,0.007442,-2.045397,-0.003325,-0.001723,-0.004548
28.550000,0.021771,0.007184,-2.045328,-0.003804,-0.001702,-0.004608
28.600000,0.021637,0.006983,-2.045460,-0.003072,-0.002151,-0.004357
28.650000,0.021507,0.006913,-2.045658,-0.002919,-0.003234,-0.003732
28.700000,0.021108,0.006909,-2.045604,-0.002814,-0.002977,-0.004327
28.750000,0.020969,0.006714,-2.045477,-0.003792,-0.001761,-0.003993
28.800000,0.020968,0.006781,-2.045348,-0.004091,-0.002776,-0.004680
28.850000,0.020770,0.006778,-2.045418,-0.004507,-0.002191,-0.004040
28.900000,0.020773,0.006840,-2.045548,-0.004342,-0.001449,-0.003859
28.950000,0.020763,0.006647,-2.045289,-0.004432,-0.001259,-0.003221
29.000000,0.020636,0.006906,-2.045229,-0.004026,-0.000754,-0.002886
29.050000,0.020637,0.006773,-2.045422,-0.004242,-0.000022,-0.003632
29.100000,0.020438,0.006771,-2.045427,-0.003660,0.000559,-0.003835
29.150000,0.020574,0.006967,-2.045425,-0.003881,-0.001561,-0.004299
29.200000,0.020175,0.006963,-2.045306,-0.004033,-0.000822,-0.004427
29.250000,0.020507,0.006967,-2.045362,-0.003798,0.000005,-0.003782
29.300000,0.020575,0.006967,-2.045489,-0.003967,-0.000677,-0.003229
29.350000,0.020712,0.007162,-2.045554,-0.003227,-0.001125,-0.003208
29.400000,0.020834,0.006970,-2.045355,-0.002156,-0.001335,-0.003416
29.450000,0.020704,0.006770,-2.045680,-0.001584,-0.001305,-0.003238
29.500000,0.020382,0.006761,-2.046077,-0.001502,-0.001595,-0.002991
29.550000,0.020447,0.006960,-2.045753,-0.001319,-0.002046,-0.003436
29.600000,0.020377,0.006632,-2.045881,-0.000806,-0.002420,-0.004111
29.650000,0.019993,0.006752,-2.046410,-0.000372,-0.002003,-0.004857
29.700000,0.019853,0.006293,-2.046539,-0.000763,-0.003247,-0.005159
29.750000,0.019396,0.006484,-2.046553,-0.000175,-0.002349,-0.005590
29.800000,0.019393,0.006354,-2.046552,0.000150,-0.002003,-0.005335
29.850000,0.018984,0.006091,-2.046367,0.000791,-0.000936,-0.004761
29.900000,0.019125,0.006218,-2.046689,0.000818,-0.000676,-0.005509
29.950000,0.019125,0.006087,-2.046817,0.000573,0.000225,-0.005253
30.000000,0.018994,0.006150,-2.046821,-0.000076,0.000651,-0.005078
30.050000,0.019195,0.006284,-2.046817,0.000571,0.000685,-0.004667
30.100000,0.019070,0.006076,-2.047468,0.000330,0.000712,-0.004572
30.150000,0.018798,0.006011,-2.047217,-0.000049,0.000338,-0.005328
30.200000,0.018724,0.005949,-2.046959,-0.000117,-0.001063,-0.005552
30.250000,0.019061,0.005948,-2.047339,0.000202,-0.002139,-0.005076
30.300000,0.018992,0.006015,-2.047147,0.001509,-0.003456,-0.005059
30.350000,0.018182,0.005487,-2.046971,0.002782,-0.005317,-0.003736
30.400000,0.017371,0.004960,-2.046731,0.002868,-0.007428,-0.003656
30.450000,0.017096,0.004634,-2.046606,0.002537,-0.007395,-0.003251
30.500000,0.016577,0.004490,-2.047202,0.002216,-0.008530,-0.000158
30.550000,0.016108,0.004093,-2.047340,0.002630,-0.010008,-0.000224
30.600000,0.015576,0.003693,-2.047610,0.003099,-0.012904,0.000700
30.650000,0.016040,0.003235,-2.048177,0.004111,-0.016032,0.002626
30.700000,0.019286,0.000926,-2.048138,0.006296,-0.024105,0.018552
30.750000,0.015460,0.001277,-2.048048,0.008352,-0.031576,0.048367
30.800000,0.017472,-0.001062,-2.049078,0.010095,-0.038661,0.068617
30.850000,0.015066,-0.000939,-2.047588,0.012663,-0.044922,0.109626
30.900000,0.011957,-0.001369,-2.047927,0.014613,-0.046802,0.161470
30.950000,0.008518,-0.001408,-2.047889,0.015416,-0.046198,0.216567
31.000000,0.004332,-0.001306,-2.046641,0.017104,-0.047944,0.266018
31.050000,0.008312,-0.004894,-2.045279,0.021404,-0.050828,0.312079
31.100000,0.003293,-0.002675,-2.045946,0.024164,-0.052123,0.385216
31.150000,0.005363,-0.005206,-2.046845,0.028060,-0.052308,0.449345
31.200000,0.009436,-0.008173,-2.042960,0.033037,-0.051014,0.527685
31.250000,0.008470,-0.009970,-2.039992,0.038511,-0.049512,0.611735
31.300000,0.005939,-0.008173,-2.040074,0.040002,-0.046723,0.689605
31.350000,0.001521,-0.008427,-2.040839,0.044346,-0.049041,0.746157
31.400000,0.006511,-0.011488,-2.039776,0.045860,-0.054621,0.811223
31.450000,0.009952,-0.012537,-2.038186,0.051975,-0.046949,0.910605
31.500000,0.001166,-0.009213,-2.040713,0.053374,-0.042764,1.037388
31.550000,-0.004948,-0.009104,-2.042108,0.059238,-0.039062,1.128015
31.600000,-0.000990,-0.010669,-2.040565,0.062999,-0.036825,1.206123
31.650000,-0.009491,-0.008659,-2.039316,0.064328,-0.035804,1.299170
31.700000,-0.011496,-0.007119,-2.039573,0.064973,-0.032617,1.369091
31.750000,-0.016029,-0.005109,-2.041587,0.064685,-0.029870,1.434376
31.800000,-0.016645,-0.006226,-2.041726,0.064521,-0.029257,1.492082
31.850000,-0.015458,-0.007072,-2.042660,0.062088,-0.025529,1.552425
31.900000,-0.015597,-0.009809,-2.042386,0.060498,-0.022176,1.623800
31.950000,-0.021536,-0.007939,-2.043723,0.060891,-0.020371,1.681902
32.000000,-0.022924,-0.008286,-2.044147,0.062569,-0.018695,1.725434
32.050000,-0.021395,-0.010617,-2.044284,0.063102,-0.016921,1.744974
32.100000,-0.018025,-0.012988,-2.043984,0.062672,-0.014119,1.782177
32.150000,-0.020438,-0.013457,-2.043008,0.061720,-0.007939,1.850877
32.200000,-0.024497,-0.012071,-2.043127,0.061690,0.004204,1.903284
32.250000,-0.030053,-0.009591,-2.043164,0.059386,0.016144,1.925210
32.300000,-0.025334,-0.011897,-2.043993,0.056432,0.024056,1.922955
32.350000,-0.034714,-0.005729,-2.043186,0.054414,0.030692,1.937352
32.400000,-0.032240,-0.006183,-2.045061,0.050695,0.038022,1.906010
32.450000,-0.030023,-0.006932,-2.044478,0.048261,0.040969,1.863224
32.500000,-0.025977,-0.008774,-2.044292,0.047226,0.041034,1.825972
32.550000,-0.023364,-0.007974,-2.045135,0.045308,0.040676,1.803443
32.600000,-0.031938,-0.000327,-2.046390,0.040555,0.043506,1.774371
32.650000,-0.027790,-0.003075,-2.045742,0.037146,0.045544,1.701260
32.700000,-0.031061,-0.000817,-2.044679,0.032764,0.045995,1.637153
32.750000,-0.035873,0.001753,-2.048390,0.028671,0.044339,1.559299
32.800000,-0.035564,0.003277,-2.051825,0.025100,0.041825,1.474114
32.850000,-0.034111,0.000750,-2.051703,0.023499,0.042059,1.394286
32.900000,-0.028255,0.001939,-2.055378,0.017422,0.052607,1.341599
32.950000,-0.034170,0.004592,-2.056916,0.015247,0.057262,1.277002
33.000000,-0.038883,0.005176,-2.058148,0.008793,0.050173,1.178104
33.050000,-0.030763,0.001449,-2.055896,0.007971,0.046012,1.051112
33.100000,-0.025382,0.000742,-2.054839,0.002336,0.042019,0.961040
33.150000,-0.030274,0.001837,-2.056533,-0.001105,0.040994,0.883115
33.200000,-0.022448,-0.000302,-2.057279,-0.002357,0.039204,0.790310
33.250000,-0.020776,-0.002239,-2.057285,-0.003266,0.036200,0.721097
33.300000,-0.016846,-0.004648,-2.055349,-0.003317,0.034269,0.656295
33.350000,-0.017039,-0.003992,-2.054905,-0.003071,0.034702,0.598535
33.400000,-0.018823,-0.003481,-2.054179,-0.001044,0.032100,0.538134
33.450000,-0.018492,-0.001003,-2.054447,-0.001227,0.029868,0.466082
33.500000,-0.012753,-0.002741,-2.052791,-0.001624,0.029667,0.408084
33.550000,-0.011628,-0.002400,-2.052504,-0.003354,0.027759,0.363407
33.600000,-0.013449,-0.000519,-2.051659,-0.003230,0.026529,0.340573
33.650000,-0.017295,0.001325,-2.051969,-0.003688,0.024530,0.303074
33.700000,-0.014951,0.001928,-2.052754,-0.003132,0.020421,0.233863
33.750000,-0.012217,0.000529,-2.052411,-0.004202,0.010498,0.179938
33.800000,-0.010859,-0.000230,-2.051850,-0.003750,0.006909,0.141890
33.850000,-0.012225,0.001132,-2.051313,-0.003019,0.006115,0.114590
33.900000,-0.005467,-0.003355,-2.051102,-0.002976,0.006598,0.079585
33.950000,-0.006131,-0.003360,-2.050925,-0.002135,0.006356,0.069413
34.000000,-0.005984,-0.002904,-2.051054,-0.002128,0.004609,0.060068
34.050000,-0.007392,-0.001227,-2.051169,-0.003206,0.004454,0.042633
34.100000,-0.006358,-0.002392,-2.051393,-0.003291,0.007225,0.015357
34.150000,-0.002513,-0.006974,-2.050997,-0.003151,0.006199,-0.002002
34.200000,-0.002438,-0.006913,-2.051320,-0.002771,0.005340,-0.001002
34.250000,-0.001974,-0.007039,-2.051500,-0.002780,0.004791,-0.000695
34.300000,-0.001900,-0.006780,-2.051629,-0.002948,0.005272,-0.000534
34.350000,-0.002108,-0.006777,-2.051182,-0.004610,0.006871,0.000708
34.400000,-0.001118,-0.006896,-2.051220,-0.004011,0.003879,0.002693
34.450000,-0.003296,-0.008226,-2.046601,-0.001797,-0.004631,-0.000836
34.500000,-0.002845,-0.008346,-2.046135,-0.002340,-0.004951,-0.001838
34.550000,-0.002639,-0.008417,-2.046648,-0.002404,-0.006696,-0.002464
34.600000,-0.002456,-0.008536,-2.045994,-0.003119,-0.007965,-0.003090
34.650000,-0.002192,-0.008467,-2.045924,-0.002866,-0.007485,-0.003463
34.700000,-0.001860,-0.008464,-2.045979,-0.003261,-0.008038,-0.003926
34.750000,-0.001991,-0.008467,-2.046048,-0.003254,-0.007479,-0.004222
34.800000,-0.001724,-0.008466,-2.046171,-0.002498,-0.007080,-0.005130
34.850000,-0.002043,-0.008476,-2.046698,-0.002720,-0.006681,-0.005966
34.900000,-0.002174,-0.008411,-2.046636,-0.003199,-0.006358,-0.006341
34.950000,-0.002371,-0.008281,-2.046578,-0.003362,-0.006030,-0.006328
35.000000,-0.002620,-0.008096,-2.047169,-0.003196,-0.005627,-0.006471
35.050000,-0.002405,-0.008038,-2.047941,-0.003355,-0.005065,-0.006614
35.100000,-0.002544,-0.008300,-2.047879,-0.003266,-0.005375,-0.006918
35.150000,-0.002402,-0.008304,-2.048328,-0.003418,-0.004894,-0.007293
35.200000,-0.002263,-0.008174,-2.048454,-0.003742,-0.004171,-0.007358
35.250000,-0.002401,-0.008437,-2.048520,-0.003903,-0.004082,-0.007429
35.300000,-0.002072,-0.008101,-2.048060,-0.004051,-0.003203,-0.007956
35.350000,-0.002196,-0.008308,-2.048711,-0.003824,-0.002314,-0.007323
35.400000,-0.002059,-0.008111,-2.048645,-0.004053,-0.002544,-0.007861
35.450000,-0.002318,-0.007985,-2.048782,-0.003957,-0.001902,-0.008388
35.500000,-0.002593,-0.008181,-2.048595,-0.004615,-0.002285,-0.008081
35.550000,-0.002723,-0.008184,-2.048727,-0.003660,-0.001152,-0.007289
35.600000,-0.002792,-0.008447,-2.048921,-0.002844,-0.000978,-0.007354
35.650000,-0.002653,-0.008583,-2.049369,-0.002857,-0.001198,-0.006811
35.700000,-0.002434,-0.008329,-2.050079,-0.002279,0.000004,-0.007100
35.750000,-0.002168,-0.008327,-2.050136,-0.002295,0.000341,-0.006474
35.800000,-0.002031,-0.008329,-2.050328,-0.002371,0.000115,-0.006626
35.850000,-0.001707,-0.008519,-2.050252,-0.002601,-0.000272,-0.007088
35.900000,-0.001452,-0.008576,-2.049856,-0.001873,0.000141,-0.006920
35.950000,-0.001648,-0.008382,-2.049732,-0.002451,-0.000795,-0.006541
36.000000,-0.001846,-0.008255,-2.049610,-0.002598,-0.000710,-0.007079
36.050000,-0.002048,-0.008190,-2.049487,-0.002941,-0.000376,-0.006382
36.100000,-0.002055,-0.008317,-2.049293,-0.003426,0.000347,-0.006453
36.150000,-0.002179,-0.008324,-2.049750,-0.003352,0.000281,-0.006143
36.200000,-0.002109,-0.007997,-2.049556,-0.002615,0.000291,-0.006292
36.250000,-0.002370,-0.007869,-2.049565,-0.002701,0.000144,-0.006060
36.300000,-0.002038,-0.007802,-2.049622,-0.001970,-0.000478,-0.005983
36.350000,-0.002178,-0.007799,-2.049237,-0.002394,-0.000703,-0.005295
36.400000,-0.001852,-0.007661,-2.048905,-0.002155,-0.000535,-0.005062
36.450000,-0.002053,-0.007663,-2.048845,-0.002655,-0.001780,-0.004305
36.500000,-0.002245,-0.007733,-2.049172,-0.003127,-0.002800,-0.004626
36.550000,-0.001717,-0.007593,-2.048899,-0.003180,-0.004060,-0.005409
36.600000,-0.001727,-0.007786,-2.048639,-0.002672,-0.002779,-0.005935
36.650000,-0.002451,-0.007730,-2.048723,-0.002267,-0.002603,-0.005623
36.700000,-0.004426,-0.007492,-2.048778,-0.001705,-0.003353,-0.011180
36.750000,-0.005861,-0.006528,-2.048501,-0.000707,-0.005622,-0.026852
36.800000,-0.005594,-0.003787,-2.048578,0.000769,-0.006020,-0.063483
36.850000,-0.005727,-0.003919,-2.048646,0.002912,-0.006746,-0.118932
36.900000,-0.009337,-0.001569,-2.050249,0.001945,-0.007521,-0.170619
36.950000,-0.018009,0.003092,-2.050449,0.004136,-0.013125,-0.212615
37.000000,-0.020989,0.005140,-2.050931,0.004574,-0.013020,-0.298530
37.050000,-0.024480,0.007566,-2.051817,0.006733,-0.010068,-0.403230
37.100000,-0.022669,0.008828,-2.051648,0.006899,-0.013668,-0.521420
37.150000,-0.026544,0.009562,-2.051952,0.006429,-0.016056,-0.637135
37.200000,-0.022910,0.010926,-2.050568,0.006699,-0.018211,-0.762253
37.250000,-0.023404,0.011827,-2.051107,0.005438,-0.015612,-0.878929
37.300000,-0.026214,0.012568,-2.051770,0.004000,-0.009891,-1.001208
37.350000,-0.021323,0.013349,-2.050997,0.003588,-0.008181,-1.137401
37.400000,-0.020541,0.014383,-2.052345,0.002925,-0.003397,-1.258219
37.450000,-0.015830,0.014885,-2.052806,0.001517,-0.003230,-1.363273
37.500000,-0.017308,0.018774,-2.053456,0.003693,-0.003160,-1.453345
37.550000,-0.012502,0.017319,-2.054354,-0.000886,-0.006274,-1.552276
37.600000,-0.012538,0.018159,-2.054814,-0.000023,-0.008048,-1.626716
37.650000,-0.011570,0.018318,-2.053557,0.000777,-0.010090,-1.695759
37.700000,-0.010261,0.020086,-2.054053,-0.000192,-0.010289,-1.762558
37.750000,-0.008464,0.019965,-2.054975,-0.001432,-0.009077,-1.822328
37.800000,-0.007369,0.018938,-2.054747,-0.002115,-0.008943,-1.878556
37.850000,-0.004164,0.017141,-2.055360,-0.002316,-0.010523,-1.931481
37.900000,-0.004686,0.019671,-2.055845,-0.002076,-0.011394,-1.967506
37.950000,-0.004364,0.019349,-2.055834,-0.001248,-0.012773,-2.007235
38.000000,-0.003548,0.019012,-2.057301,-0.001846,-0.012800,-2.036471
38.050000,-0.000952,0.017681,-2.056705,-0.001891,-0.012157,-2.052972
38.100000,-0.000902,0.017096,-2.056635,-0.001075,-0.010727,-2.053033
38.150000,-0.001623,0.017480,-2.056528,-0.002069,-0.012387,-2.052207
38.200000,-0.001220,0.018011,-2.056195,-0.003141,-0.009924,-2.051652
38.250000,0.001224,0.017577,-2.056646,-0.005268,-0.003601,-2.045206
38.300000,0.003208,0.017203,-2.057172,-0.005188,-0.001796,-2.029996
38.350000,0.003281,0.014791,-2.057152,-0.006270,0.000207,-1.992655
38.400000,0.003494,0.015047,-2.057537,-0.008400,0.000547,-1.937442
38.450000,0.007520,0.013551,-2.055798,-0.007988,0.000698,-1.885996
38.500000,0.015998,0.009279,-2.055478,-0.010030,0.006875,-1.843302
38.550000,0.019174,0.007434,-2.054667,-0.010632,0.006388,-1.757083
38.600000,0.022871,0.005403,-2.053648,-0.011730,0.004164,-1.652295
38.650000,0.021266,0.004602,-2.053620,-0.012938,0.007451,-1.534499
38.700000,0.024950,0.004523,-2.052938,-0.013279,0.010167,-1.418633
38.750000,0.021184,0.003355,-2.054197,-0.012320,0.012412,-1.293662
38.800000,0.021414,0.002717,-2.053344,-0.011376,0.008552,-1.177077
38.850000,0.023964,0.002364,-2.052561,-0.009345,0.002359,-1.055494
38.900000,0.018874,0.001912,-2.052889,-0.009347,0.001059,-0.918837
38.950000,0.018032,0.001204,-2.051416,-0.008605,-0.003712,-0.797711
39.000000,0.013137,0.000956,-2.051351,-0.007685,-0.003314,-0.692501
39.050000,0.014490,-0.002543,-2.050643,-0.009351,-0.002744,-0.603038
39.100000,0.009553,-0.000824,-2.049490,-0.005746,0.000775,-0.504032
39.150000,0.009530,-0.001273,-2.048904,-0.005543,0.002876,-0.429739
39.200000,0.008906,-0.001106,-2.050412,-0.006025,0.004773,-0.360233
39.250000,0.007330,-0.002744,-2.049666,-0.005139,0.005619,-0.293197
39.300000,0.005537,-0.002557,-2.048809,-0.004884,0.003784,-0.232900
39.350000,0.004767,-0.001655,-2.048898,-0.004277,0.003818,-0.176671
39.400000,0.001426,0.000277,-2.047965,-0.004471,0.005881,-0.123976
39.450000,0.001899,-0.001801,-2.047680,-0.004546,0.007239,-0.087869
39.500000,0.001651,-0.001219,-2.047755,-0.004978,0.008714,-0.047522
39.550000,0.000926,-0.000566,-2.047002,-0.003731,0.009694,-0.018276
39.600000,-0.001408,0.000835,-2.047463,-0.003438,0.009287,-0.001928
39.650000,-0.001847,0.001742,-2.047545,-0.003783,0.009689,-0.001310
39.700000,-0.001123,0.001686,-2.047461,-0.003036,0.009763,-0.002000
39.750000,-0.000657,0.001357,-2.048030,-0.002060,0.006829,-0.002023
39.800000,-0.000981,0.002011,-2.047524,-0.000426,0.001276,-0.002219
39.850000,-0.001658,0.002013,-2.046765,-0.000953,0.001367,-0.000834
39.900000,-0.001725,0.001882,-2.046830,-0.001676,-0.001016,-0.001169
39.950000,-0.001861,0.001816,-2.046833,-0.001843,-0.000936,-0.001017
40.000000,-0.001865,0.001552,-2.046961,-0.001192,-0.000539,-0.001087
40.050000,-0.001660,0.001618,-2.047086,-0.001031,-0.000619,-0.001087
40.100000,-0.001981,0.001674,-2.047482,-0.001211,-0.000614,-0.000472
40.150000,-0.001835,0.001932,-2.047804,-0.001688,-0.001174,-0.000866
40.200000,-0.001907,0.001803,-2.047611,-0.001622,-0.001407,-0.000328
40.250000,-0.001838,0.001668,-2.047933,-0.001453,-0.002440,-0.000568
40.300000,-0.001984,0.001475,-2.047547,-0.002578,-0.003002,-0.001043
40.350000,-0.002247,0.001537,-2.047489,-0.001856,-0.002204,-0.000724
40.400000,-0.002179,0.001538,-2.047552,-0.002649,-0.002212,-0.001500
40.450000,-0.002243,0.001535,-2.047684,-0.002397,-0.001817,-0.001803
40.500000,-0.002444,0.001403,-2.047688,-0.002660,-0.001017,-0.001104
40.550000,-0.002240,0.001401,-2.047941,-0.002069,-0.002053,-0.001881
40.600000,-0.001911,0.001142,-2.048124,-0.002158,-0.001969,-0.001570
40.650000,-0.001839,0.001008,-2.048510,-0.001262,-0.002204,-0.001565
40.700000,-0.001493,0.001003,-2.049213,-0.002219,-0.002289,-0.002264
40.750000,-0.001697,0.001136,-2.048831,-0.002219,-0.002683,-0.002185
40.800000,-0.001291,0.001267,-2.049080,-0.001649,-0.002520,-0.002175
40.850000,-0.001569,0.001008,-2.048826,-0.002285,-0.002681,-0.002633
40.900000,-0.001828,0.001266,-2.048771,-0.002373,-0.002993,-0.002318
40.950000,-0.001892,0.001331,-2.048773,-0.002293,-0.002593,-0.002227
41.000000,-0.002029,0.001200,-2.048710,-0.002616,-0.003702,-0.002227
41.050000,-0.001918,0.001017,-2.047929,-0.002926,-0.002912,-0.002748
41.100000,-0.001529,0.001159,-2.047465,-0.003233,-0.002837,-0.003354
41.150000,-0.001405,0.000900,-2.047331,-0.003158,-0.002911,-0.003031
41.200000,-0.001335,0.000832,-2.047587,-0.003250,-0.002666,-0.002552
41.250000,-0.001338,0.000899,-2.047394,-0.003680,-0.002022,-0.001608
41.300000,-0.001136,0.001166,-2.047196,-0.003996,-0.000674,-0.001886
41.350000,-0.000870,0.001299,-2.047190,-0.004242,-0.000432,-0.001712
41.400000,-0.000532,0.001231,-2.047635,-0.004553,-0.000117,-0.002154
41.450000,-0.000464,0.001494,-2.047442,-0.005034,0.000280,-0.002283
41.500000,-0.000074,0.001502,-2.047109,-0.005196,-0.000034,-0.002185
41.550000,-0.000474,0.001499,-2.046991,-0.005770,-0.000347,-0.001858
41.600000,-0.000552,0.001307,-2.046732,-0.005854,-0.000501,-0.001599
41.650000,-0.000300,0.001119,-2.046401,-0.005597,-0.000342,-0.001952
41.700000,-0.000508,0.000859,-2.046275,-0.005121,-0.000334,-0.001380
41.750000,-0.000108,0.000993,-2.046329,-0.004384,0.000304,-0.001414
41.800000,0.000280,0.001004,-2.045864,-0.004543,0.000386,-0.001381
41.850000,0.000699,0.001459,-2.046373,-0.003817,0.000314,-0.000954
41.900000,0.001156,0.001402,-2.046167,-0.004145,0.000715,-0.000683
41.950000,0.001608,0.001216,-2.045893,-0.003902,0.000085,-0.000418
42.000000,0.001873,0.001285,-2.045823,-0.003557,0.000082,-0.000996
42.050000,0.002141,0.001286,-2.046010,-0.003938,0.000552,-0.001725
42.100000,0.001879,0.001478,-2.045954,-0.004834,0.000078,-0.001463
42.150000,0.001863,0.001090,-2.045628,-0.004013,-0.002856,-0.001445
42.200000,0.001861,0.000828,-2.045820,-0.001034,-0.006171,-0.000030
42.250000,0.001438,0.000113,-2.045374,0.002919,-0.011783,0.001524
42.300000,-0.001455,0.000667,-2.045390,0.007682,-0.017949,0.003230
42.350000,-0.003536,-0.000570,-2.048417,0.016590,-0.027626,0.002074
42.400000,-0.008302,-0.003666,-2.051569,0.043065,-0.050788,-0.001888
42.450000,-0.010072,-0.009440,-2.052612,0.093766,-0.068649,-0.002580
42.500000,-0.012177,-0.017226,-2.052678,0.166792,-0.084082,0.007208
42.550000,-0.013775,-0.031335,-2.052752,0.250868,-0.099812,0.017361
42.600000,-0.020994,-0.045706,-2.052973,0.341021,-0.112671,0.028268
42.650000,-0.025640,-0.065656,-2.053088,0.447485,-0.117614,0.043348
42.700000,-0.037796,-0.087697,-2.047427,0.581419,-0.113124,0.061826
42.750000,-0.047546,-0.117733,-2.036594,0.713074,-0.117208,0.062397
42.800000,-0.056777,-0.152309,-2.024287,0.837991,-0.125834,0.044456
42.850000,-0.062795,-0.194042,-2.003487,0.973113,-0.140171,0.016026
42.900000,-0.067508,-0.240698,-1.981321,1.111123,-0.144577,-0.011141
42.950000,-0.071025,-0.291548,-1.951772,1.241740,-0.160786,-0.035294
43.000000,-0.075972,-0.346077,-1.918217,1.356351,-0.178398,-0.053924
43.050000,-0.078900,-0.405207,-1.879262,1.462857,-0.190927,-0.070624
43.100000,-0.080272,-0.465872,-1.834360,1.565072,-0.184430,-0.079385
43.150000,-0.082721,-0.527578,-1.783519,1.648487,-0.178510,-0.078543
43.200000,-0.086554,-0.590139,-1.736920,1.711103,-0.157345,-0.072742
43.250000,-0.092500,-0.653568,-1.685190,1.769333,-0.151653,-0.066719
43.300000,-0.095119,-0.719119,-1.624477,1.822680,-0.146578,-0.066673
43.350000,-0.101234,-0.782745,-1.577479,1.847432,-0.140260,-0.064768
43.400000,-0.105804,-0.847812,-1.517664,1.880563,-0.139882,-0.071976
43.450000,-0.110406,-0.912213,-1.461871,1.922176,-0.134185,-0.080169
43.500000,-0.112937,-0.977804,-1.399148,1.967008,-0.130466,-0.089741
43.550000,-0.116720,-1.042724,-1.338988,2.001921,-0.132737,-0.093175
43.600000,-0.119590,-1.108045,-1.275498,2.049209,-0.131848,-0.100295
43.650000,-0.117454,-1.173969,-1.202736,2.101351,-0.128802,-0.106519
43.700000,-0.119692,-1.239048,-1.131458,2.122747,-0.124552,-0.097403
43.750000,-0.121423,-1.305211,-1.063462,2.132591,-0.119314,-0.091195
43.800000,-0.126366,-1.368977,-0.994015,2.141242,-0.107770,-0.089179
43.850000,-0.123555,-1.436185,-0.920252,2.146691,-0.098761,-0.095073
43.900000,-0.125123,-1.500468,-0.848444,2.128415,-0.089395,-0.092689
43.950000,-0.121586,-1.563645,-0.776245,2.093797,-0.065064,-0.090798
44.000000,-0.122576,-1.623336,-0.707756,2.035446,-0.047911,-0.089262
44.050000,-0.122098,-1.681894,-0.638653,1.960794,-0.032387,-0.098474
44.100000,-0.124587,-1.733128,-0.570781,1.873089,-0.016710,-0.106137
44.150000,-0.119497,-1.784592,-0.502124,1.784750,-0.004029,-0.120464
44.200000,-0.117293,-1.830490,-0.434359,1.676903,0.000979,-0.137899
44.250000,-0.107392,-1.874356,-0.372039,1.541765,-0.002711,-0.156413
44.300000,-0.100230,-1.910561,-0.315093,1.409238,0.000852,-0.154178
44.350000,-0.094298,-1.941580,-0.259644,1.285309,0.008220,-0.136048
44.400000,-0.091079,-1.966282,-0.212344,1.149509,0.022314,-0.109054
44.450000,-0.089013,-1.985472,-0.166606,1.011344,0.025831,-0.084559
44.500000,-0.087065,-2.000960,-0.126792,0.883241,0.042349,-0.062587
44.550000,-0.085284,-2.012357,-0.092910,0.767524,0.059432,-0.041545
44.600000,-0.084119,-2.019503,-0.062635,0.663157,0.072999,-0.025175
44.650000,-0.085250,-2.024491,-0.039890,0.559636,0.066832,-0.015614
44.700000,-0.085388,-2.028960,-0.022886,0.474049,0.061309,-0.016744
44.750000,-0.084114,-2.031863,-0.002228,0.407719,0.040220,-0.023000
44.800000,-0.081061,-2.034032,0.013419,0.346541,0.033961,-0.030635
44.850000,-0.081142,-2.034866,0.019382,0.291284,0.028960,-0.031669
44.900000,-0.077467,-2.037094,0.039776,0.270205,0.023130,-0.033525
44.950000,-0.075249,-2.038111,0.049363,0.238214,0.023557,-0.025897
45.000000,-0.073767,-2.040020,0.061402,0.193592,0.017392,-0.017088
45.050000,-0.074251,-2.040035,0.065534,0.142684,0.014145,-0.007834
45.100000,-0.073104,-2.041434,0.072119,0.102629,0.016636,-0.006179
45.150000,-0.072455,-2.042372,0.074670,0.051976,0.015499,-0.000451
45.200000,-0.076492,-2.042763,0.068412,-0.000376,0.013167,0.005024
45.250000,-0.076013,-2.043343,0.063830,-0.019004,0.011629,-0.003805
45.300000,-0.076677,-2.043284,0.064007,-0.028176,0.010996,-0.010492
45.350000,-0.074341,-2.044532,0.061422,-0.041592,0.005156,-0.013393
45.400000,-0.076162,-2.044259,0.054180,-0.055363,0.003426,-0.009240
45.450000,-0.074287,-2.044917,0.052229,-0.048919,0.003585,-0.009894
45.500000,-0.075123,-2.044321,0.048770,-0.038350,0.002912,-0.006673
45.550000,-0.075312,-2.044527,0.048118,-0.023891,0.004045,-0.006037
45.600000,-0.076577,-2.043848,0.046266,-0.015411,0.003570,-0.006759
45.650000,-0.074649,-2.044785,0.047813,-0.005734,0.005298,-0.009769
45.700000,-0.075605,-2.044554,0.046426,-0.008819,0.005977,-0.003835
45.750000,-0.075103,-2.045063,0.047027,-0.009944,0.005598,-0.001217
45.800000,-0.076685,-2.044594,0.044325,-0.015757,0.005677,0.000300
45.850000,-0.076021,-2.044589,0.044213,-0.017085,0.006181,-0.004710
45.900000,-0.075512,-2.044746,0.041832,-0.022507,0.006159,-0.005659
45.950000,-0.074968,-2.044750,0.041136,-0.020670,0.005297,-0.004340
46.000000,-0.076003,-2.045308,0.039364,-0.020371,0.005805,-0.000317
46.050000,-0.076811,-2.044950,0.037460,-0.020414,0.005579,0.001304
46.100000,-0.076792,-2.044828,0.036747,-0.018833,0.006995,-0.000060
46.150000,-0.077282,-2.044859,0.034920,-0.019540,0.007142,-0.000985
46.200000,-0.076550,-2.045117,0.034423,-0.020343,0.006815,-0.001372
46.250000,-0.076390,-2.045134,0.033067,-0.020362,0.007372,-0.000667
46.300000,-0.077132,-2.045108,0.030779,-0.017394,0.007861,0.000825
46.350000,-0.076141,-2.045759,0.030034,-0.011614,0.008019,0.000480
46.400000,-0.076659,-2.045240,0.030146,-0.006568,0.007145,0.000276
46.450000,-0.076152,-2.045684,0.030680,-0.006855,0.007442,-0.001258
46.500000,-0.076423,-2.045330,0.028275,-0.011410,0.006632,-0.001360
46.550000,-0.076064,-2.045345,0.026924,-0.010791,0.006448,-0.003355
46.600000,-0.076558,-2.045307,0.025292,-0.008222,0.006612,-0.002252
46.650000,-0.076165,-2.045301,0.025496,-0.001823,0.005910,-0.001364
46.700000,-0.076773,-2.044901,0.026642,0.001538,0.005212,0.000587
46.750000,-0.077215,-2.044388,0.026237,0.001671,0.006009,0.001608
46.800000,-0.077473,-2.044394,0.025971,0.000067,0.007581,0.000777
46.850000,-0.077560,-2.044025,0.024283,-0.002112,0.006458,0.000226
46.900000,-0.076787,-2.044534,0.024633,0.004491,0.006461,-0.000263
46.950000,-0.076947,-2.044252,0.026310,0.012469,0.005517,-0.000445
47.000000,-0.077098,-2.044375,0.027019,0.015333,0.005355,-0.000956
47.050000,-0.078550,-2.044325,0.027044,0.009114,0.005044,0.000638
47.100000,-0.077892,-2.044316,0.027191,0.002844,0.005409,-0.001925
47.150000,-0.077545,-2.044588,0.026038,-0.004884,0.005558,-0.001723
47.200000,-0.077127,-2.044531,0.025077,-0.009238,0.004671,-0.002820
47.250000,-0.076251,-2.044532,0.024258,-0.009174,0.003701,-0.004973
47.300000,-0.076103,-2.044540,0.023486,-0.006919,0.004667,-0.003934
47.350000,-0.074522,-2.045008,0.026252,-0.003940,0.004924,-0.002509
47.400000,-0.076750,-2.044316,0.026187,-0.012154,0.004469,0.000929
47.450000,-0.076750,-2.044339,0.029294,-0.024981,0.004817,-0.002592
47.500000,-0.076483,-2.044337,0.029172,-0.056650,0.004256,-0.006917
47.550000,-0.075016,-2.043576,0.026354,-0.099533,0.002883,-0.011544
47.600000,-0.074216,-2.042707,0.017624,-0.154793,0.000494,-0.012469
47.650000,-0.072324,-2.042047,0.006980,-0.199656,0.000101,-0.013086
47.700000,-0.071920,-2.040693,-0.004292,-0.241474,-0.000482,-0.008983
47.750000,-0.072603,-2.038980,-0.016825,-0.283386,-0.000265,-0.004413
47.800000,-0.073923,-2.036403,-0.032688,-0.333587,0.000017,-0.000043
47.850000,-0.072946,-2.033461,-0.047391,-0.390971,0.001114,-0.000796
47.900000,-0.074223,-2.028214,-0.068455,-0.468418,-0.001763,0.000771
47.950000,-0.074245,-2.022178,-0.094803,-0.556276,-0.011660,-0.000406
48.000000,-0.074733,-2.013313,-0.123904,-0.646977,-0.016223,0.001149
48.050000,-0.075764,-2.003405,-0.157434,-0.746063,-0.024255,0.006173
48.100000,-0.076533,-1.987766,-0.196699,-0.850202,-0.021635,0.014427
48.150000,-0.078716,-1.969361,-0.237708,-0.957215,-0.019355,0.020658
48.200000,-0.081559,-1.946299,-0.285957,-1.079020,-0.015068,0.023429
48.250000,-0.082085,-1.920517,-0.337532,-1.196962,-0.009892,0.018593
48.300000,-0.082067,-1.890097,-0.393919,-1.316559,-0.012879,0.014986
48.350000,-0.082529,-1.852816,-0.453996,-1.428004,-0.013163,0.019622
48.400000,-0.082482,-1.812820,-0.516218,-1.536259,-0.015324,0.026650
48.450000,-0.084102,-1.767328,-0.580791,-1.634736,-0.011370,0.041807
48.500000,-0.088114,-1.717412,-0.649087,-1.728136,-0.007419,0.055684
48.550000,-0.089528,-1.664870,-0.718367,-1.809527,-0.003393,0.058446
48.600000,-0.090188,-1.610440,-0.783689,-1.868563,-0.000893,0.055454
48.650000,-0.089541,-1.553553,-0.851778,-1.923999,0.001501,0.057726
48.700000,-0.090834,-1.493137,-0.917744,-1.974815,0.004966,0.063581
48.750000,-0.090470,-1.432061,-0.989371,-2.024109,0.011136,0.070160
48.800000,-0.091340,-1.368785,-1.056444,-2.053716,0.016912,0.082553
48.850000,-0.093843,-1.303219,-1.121764,-2.073466,0.025841,0.091173
48.900000,-0.093831,-1.237537,-1.190192,-2.079484,0.035398,0.087995
48.950000,-0.086774,-1.173724,-1.262889,-2.081041,0.056301,0.066742
49.000000,-0.084796,-1.108607,-1.331193,-2.066131,0.060303,0.068642
49.050000,-0.082969,-1.043344,-1.398469,-2.038324,0.065128,0.071698
49.100000,-0.081835,-0.977830,-1.460840,-1.999008,0.072786,0.079164
49.150000,-0.080471,-0.913174,-1.519442,-1.946528,0.075813,0.081030
49.200000,-0.079288,-0.848226,-1.575395,-1.901472,0.075800,0.080898
49.250000,-0.077833,-0.783477,-1.631920,-1.860823,0.075916,0.078274
49.300000,-0.075058,-0.719531,-1.686268,-1.817008,0.075536,0.072810
49.350000,-0.071171,-0.655986,-1.737341,-1.764179,0.075015,0.067858
49.400000,-0.068642,-0.593424,-1.787797,-1.705933,0.073270,0.067089
49.450000,-0.065470,-0.532682,-1.833300,-1.631788,0.076085,0.067761
49.500000,-0.062626,-0.473053,-1.873944,-1.548174,0.085742,0.069860
49.550000,-0.060072,-0.415819,-1.913088,-1.459859,0.090944,0.069632
49.600000,-0.056758,-0.360128,-1.946240,-1.358395,0.099846,0.064188
49.650000,-0.053156,-0.309511,-1.973841,-1.251907,0.096916,0.056659
49.700000,-0.047722,-0.262156,-1.998066,-1.141052,0.094715,0.050009
49.750000,-0.042842,-0.219169,-2.016832,-1.020185,0.090995,0.049109
49.800000,-0.039679,-0.179164,-2.032773,-0.901893,0.086126,0.053274
49.850000,-0.037038,-0.143966,-2.042021,-0.781326,0.088638,0.057365
49.900000,-0.034542,-0.115195,-2.048765,-0.671853,0.087176,0.053722
49.950000,-0.031712,-0.089318,-2.052759,-0.564489,0.089726,0.046711
50.000000,-0.027777,-0.068501,-2.055456,-0.471314,0.085603,0.032233
50.050000,-0.021764,-0.052522,-2.055795,-0.382148,0.082275,0.018584
50.100000,-0.018428,-0.038760,-2.053926,-0.300435,0.078480,0.015997
50.150000,-0.013781,-0.027430,-2.054398,-0.237332,0.076505,0.015945
50.200000,-0.012005,-0.018389,-2.052924,-0.182412,0.073397,0.014757
50.250000,-0.008045,-0.013323,-2.052983,-0.131263,0.070159,0.008611
50.300000,-0.006668,-0.008175,-2.049676,-0.083721,0.063277,0.003646
50.350000,-0.003631,-0.005599,-2.049679,-0.052817,0.057652,-0.008649
50.400000,0.000999,-0.004866,-2.052152,-0.032861,0.047587,-0.018964
50.450000,0.003124,-0.004385,-2.052099,-0.023114,0.037286,-0.018539
50.500000,0.000210,-0.002980,-2.046937,-0.010884,0.017174,0.001786
50.550000,0.001149,-0.002582,-2.047175,-0.007752,0.013062,0.003237
50.600000,0.001106,-0.001540,-2.047055,-0.005350,0.008472,0.004603
50.650000,0.002062,-0.001550,-2.048584,-0.002050,0.001924,-0.000138
50.700000,0.002463,-0.001286,-2.048511,-0.001148,0.001044,-0.000521
50.750000,0.002459,-0.001283,-2.048315,-0.000657,0.001197,-0.000743
50.800000,0.002521,-0.001214,-2.048056,-0.001376,0.000710,-0.001286
50.850000,0.002528,-0.000820,-2.047928,-0.000665,0.000713,-0.000582
50.900000,0.002196,-0.000692,-2.047745,-0.001146,0.000070,-0.000894
50.950000,0.002256,-0.000623,-2.047420,-0.001399,0.000780,-0.000652
51.000000,0.002327,-0.000559,-2.047611,-0.001382,0.001245,-0.001337
51.050000,0.002257,-0.000622,-2.047482,-0.000738,0.002361,-0.001088
51.100000,0.002065,-0.000495,-2.047618,-0.001473,0.001569,-0.000941
51.150000,0.002122,-0.000688,-2.047420,-0.001398,0.000859,-0.000635
51.200000,0.002125,-0.000489,-2.047292,-0.001403,0.001259,-0.000396
51.250000,0.002323,-0.000420,-2.047221,-0.001649,0.001895,-0.000311
51.300000,0.002594,-0.000022,-2.047021,-0.002133,0.001736,-0.000388
51.350000,0.002914,-0.000145,-2.046689,-0.002463,0.001977,-0.000153
51.400000,0.002992,-0.000086,-2.047140,-0.003190,0.002055,-0.000307
51.450000,0.003006,0.000169,-2.047531,-0.002686,0.002290,-0.000838
51.500000,0.003202,0.000106,-2.047526,-0.003405,0.001255,-0.001233
51.550000,0.003137,0.000104,-2.047593,-0.003090,0.000946,-0.000687
51.600000,0.003271,0.000171,-2.047589,-0.002931,0.000953,-0.000369
51.650000,0.003336,0.000304,-2.047394,-0.003167,0.001589,-0.000511
51.700000,0.003207,0.000300,-2.047592,-0.002750,0.001592,-0.000653
51.750000,0.003274,0.000036,-2.047914,-0.002667,0.001836,-0.000486
51.800000,0.003349,0.000360,-2.048043,-0.002263,0.001765,-0.000087
51.850000,0.003352,0.000423,-2.048173,-0.002257,0.002326,0.000007
51.900000,0.003614,0.000559,-2.047973,-0.002311,0.002245,-0.000676
51.950000,0.003412,0.000561,-2.047783,-0.001594,0.003530,0.000278
52.000000,0.003542,0.000564,-2.047651,-0.000854,0.003616,0.000373
52.050000,0.003541,0.000631,-2.047523,-0.000910,0.002267,-0.000166
52.100000,0.003805,0.000503,-2.047644,-0.001229,0.002272,-0.000003
52.150000,0.003875,0.000369,-2.047963,-0.001056,0.002752,-0.000065
52.200000,0.003650,0.000186,-2.046932,-0.000890,0.002838,0.000179
52.250000,0.003518,0.000252,-2.046806,-0.001442,0.002680,-0.000046
52.300000,0.003790,0.000185,-2.047251,-0.001750,0.002286,-0.000272
52.350000,0.002897,0.000948,-2.047864,0.000227,0.007361,-0.009999
52.400000,0.003213,0.000631,-2.047529,0.002821,0.012263,-0.021498
52.450000,0.004505,0.000135,-2.046713,0.003417,0.019481,-0.022189
52.500000,0.006236,0.000081,-2.047379,0.001430,0.033616,-0.020749
52.550000,0.008616,0.000238,-2.047382,0.000992,0.051162,-0.019500
52.600000,0.011726,0.000400,-2.047493,0.000015,0.070284,-0.019397
52.650000,0.016274,0.000127,-2.047370,0.000483,0.105039,-0.018990
52.700000,0.024592,0.000094,-2.047084,0.001679,0.172922,-0.022211
52.750000,0.036731,-0.000486,-2.046948,0.004434,0.256665,-0.026360
52.800000,0.055929,-0.001994,-2.044156,0.014093,0.373942,-0.034023
52.850000,0.078711,-0.002082,-2.040565,0.022548,0.527587,-0.055245
52.900000,0.114002,-0.005579,-2.029292,0.039247,0.683558,-0.083728
52.950000,0.155170,-0.005272,-2.016529,0.056102,0.821158,-0.108520
53.000000,0.198937,-0.005792,-1.999544,0.059751,0.931283,-0.125382
53.050000,0.248702,-0.006058,-1.978446,0.052940,1.048392,-0.131440
53.100000,0.298525,-0.005414,-1.952754,0.043926,1.118438,-0.139254
53.150000,0.352342,-0.002956,-1.926384,0.033657,1.200680,-0.149046
53.200000,0.409205,-0.002171,-1.896097,0.023992,1.320777,-0.139826
53.250000,0.468531,-0.002166,-1.858093,0.019700,1.439213,-0.130825
53.300000,0.527621,-0.002449,-1.821843,0.000804,1.540670,-0.119668
53.350000,0.592622,-0.002601,-1.771182,-0.001328,1.704114,-0.116574
53.400000,0.659381,-0.002077,-1.715361,-0.007704,1.855264,-0.112611
53.450000,0.726150,-0.002490,-1.651820,-0.003660,1.998890,-0.108890
53.500000,0.793144,-0.001641,-1.581805,-0.005642,2.120037,-0.107414
53.550000,0.858394,-0.000951,-1.507754,-0.007956,2.216540,-0.102077
53.600000,0.923418,-0.000866,-1.429816,-0.007112,2.269799,-0.098271
53.650000,0.988960,0.001507,-1.351945,0.003169,2.258534,-0.099165
53.700000,1.054601,0.001519,-1.275223,0.003236,2.254647,-0.098429
53.750000,1.121017,0.001905,-1.200296,0.003291,2.245212,-0.097126
53.800000,1.187021,0.001702,-1.125310,0.003550,2.236397,-0.097438
53.850000,1.253374,0.001886,-1.050837,0.003320,2.228375,-0.097744
53.900000,1.320696,0.001369,-0.976074,0.001894,2.225371,-0.086906
53.950000,1.386323,0.001479,-0.901750,-0.000367,2.227449,-0.075410
54.000000,1.451704,0.001839,-0.827950,-0.000416,2.224922,-0.073507
54.050000,1.516118,0.001818,-0.752620,0.001588,2.206976,-0.075049
54.100000,1.579886,0.001782,-0.677891,0.002113,2.187527,-0.075996
54.150000,1.643177,0.001485,-0.602785,0.003180,2.167849,-0.075940
54.200000,1.704706,0.001616,-0.528182,0.001970,2.131037,-0.075512
54.250000,1.763071,0.001708,-0.454051,0.000933,2.061096,-0.071605
54.300000,1.817149,0.002142,-0.379909,-0.001936,1.975939,-0.065763
54.350000,1.863840,0.003366,-0.308691,-0.011743,1.859055,-0.058243
54.400000,1.907012,0.003305,-0.238078,-0.019696,1.706123,-0.037079
54.450000,1.937545,0.007048,-0.174763,-0.035743,1.550552,-0.008194
54.500000,1.962781,0.006740,-0.112467,-0.052177,1.415805,0.016404
54.550000,1.985152,0.007190,-0.054465,-0.056388,1.304880,0.033495
54.600000,2.001470,0.007244,-0.001223,-0.049244,1.186813,0.039708
54.650000,2.017932,0.006457,0.047364,-0.040937,1.116909,0.046906
54.700000,2.030258,0.003926,0.095788,-0.030561,1.034969,0.056087
54.750000,2.039613,0.002997,0.139778,-0.021226,0.913914,0.047400
54.800000,2.046228,0.002720,0.176498,-0.016619,0.796901,0.039033
54.850000,2.053144,0.002599,0.214848,0.002031,0.696388,0.028193
54.900000,2.054352,0.002481,0.238788,0.004576,0.530711,0.025079
54.950000,2.053796,0.001490,0.257569,0.011679,0.379475,0.021505
55.000000,2.053113,0.001692,0.268303,0.007483,0.233851,0.017611
55.050000,2.052064,0.000502,0.272754,0.008738,0.110708,0.016110
55.100000,2.053036,-0.000070,0.273107,0.011044,0.017210,0.011106
55.150000,2.054418,-0.000293,0.269970,0.010032,-0.036694,0.007601
55.200000,2.054507,-0.002690,0.266167,-0.002602,-0.028381,0.008452
55.250000,2.055290,-0.002915,0.263338,-0.004467,-0.031881,0.008253
55.300000,2.055114,-0.003462,0.261654,-0.005196,-0.024514,0.007927
55.350000,2.055204,-0.003608,0.260360,-0.004977,-0.011266,0.008508
55.400000,2.054808,-0.003944,0.259962,-0.004273,0.001586,0.009166
55.450000,2.054798,-0.004601,0.259643,-0.003193,0.003318,0.008260
55.500000,2.054616,-0.004880,0.258602,-0.004069,-0.002884,0.007656
55.550000,2.054626,-0.004952,0.258084,-0.004205,-0.006311,0.006697
55.600000,2.054583,-0.005098,0.256916,-0.004073,-0.003618,0.007720
55.650000,2.054925,-0.005235,0.256278,-0.003750,-0.000062,0.007673
55.700000,2.054950,-0.004986,0.255372,-0.003415,0.001586,0.007223
55.750000,2.055427,-0.005122,0.254479,-0.002261,0.004027,0.006553
55.800000,2.055170,-0.005394,0.253825,-0.001609,0.007503,0.006353
55.850000,2.055432,-0.005655,0.253641,-0.001489,0.011679,0.004767
55.900000,2.055365,-0.005983,0.253382,-0.001411,0.012062,0.004844
55.950000,2.055500,-0.006248,0.253000,-0.001505,0.012606,0.005230
56.000000,2.055825,-0.006705,0.252754,-0.001976,0.012902,0.004532
56.050000,2.055369,-0.007181,0.251838,-0.001559,0.009078,0.004187
56.100000,2.055507,-0.007449,0.251260,-0.001809,0.009943,0.004345
56.150000,2.055503,-0.007446,0.251455,-0.001478,0.012392,0.004059
56.200000,2.055690,-0.007702,0.251720,-0.000991,0.014606,0.004002
56.250000,2.055825,-0.008033,0.251207,-0.000816,0.014825,0.003461
56.300000,2.055745,-0.008358,0.251467,-0.000558,0.016313,0.002855
56.350000,2.055819,-0.008163,0.251338,-0.000621,0.015573,0.002149
56.400000,2.055761,-0.007840,0.251269,-0.000114,0.015705,0.001377
56.450000,2.055966,-0.007643,0.251207,-0.000104,0.016871,0.000920
56.500000,2.056242,-0.007315,0.251083,-0.000824,0.016204,0.000441
56.550000,2.056302,-0.007377,0.251216,0.000124,0.018409,0.001385
56.600000,2.056700,-0.007242,0.251292,0.000038,0.019493,0.001466
56.650000,2.057009,-0.007755,0.251630,-0.000360,0.013585,0.001248
56.700000,2.057027,-0.007434,0.251110,-0.000593,0.014417,0.000785
56.750000,2.057296,-0.007236,0.251116,0.001676,0.014626,0.001024
56.800000,2.057218,-0.007230,0.251568,0.003971,0.018783,0.000218
56.850000,2.057942,-0.006888,0.252103,0.004907,0.014919,-0.001285
56.900000,2.058219,-0.006628,0.251720,0.004336,0.006468,-0.001064
56.950000,2.058695,-0.006963,0.250699,0.002800,0.000227,-0.001292
57.000000,2.058655,-0.006650,0.249789,0.001398,-0.003862,-0.000497
57.050000,2.059063,-0.006586,0.249347,0.002058,-0.003993,-0.000888
57.100000,2.059009,-0.006661,0.248697,0.001323,-0.003498,-0.000819
57.150000,2.059162,-0.006274,0.248181,0.001368,-0.001425,-0.002581
57.200000,2.058972,-0.006282,0.247787,0.001611,-0.003063,-0.002525
57.250000,2.059108,-0.006548,0.247273,0.001920,-0.000265,-0.002042
57.300000,2.058591,-0.006296,0.247063,0.001686,-0.001045,-0.002443
57.350000,2.058599,-0.005837,0.247190,0.001145,-0.001752,-0.003539
57.400000,2.058409,-0.005977,0.246667,0.001574,-0.007376,-0.004289
57.450000,2.058967,-0.005393,0.245899,0.000859,-0.012128,-0.004883
57.500000,2.058852,-0.005209,0.245182,0.000180,-0.021492,-0.006676
57.550000,2.058813,-0.004962,0.244208,-0.002483,-0.037436,-0.007151
57.600000,2.059340,-0.004466,0.241756,-0.012205,-0.061566,-0.008048
57.650000,2.059265,-0.004347,0.236118,-0.025888,-0.097927,-0.009541
57.700000,2.059659,-0.003806,0.227509,-0.039722,-0.139844,-0.011316
57.750000,2.060017,-0.003751,0.216895,-0.040755,-0.198143,-0.010932
57.800000,2.059495,-0.003071,0.204828,-0.041783,-0.263893,-0.010537
57.850000,2.059154,-0.003392,0.186227,-0.040766,-0.349420,-0.013164
57.900000,2.059278,-0.002933,0.162192,-0.040790,-0.444308,-0.016189
57.950000,2.056689,-0.002941,0.134781,-0.039677,-0.538373,-0.016116
58.000000,2.052398,-0.002230,0.104146,-0.038150,-0.643226,-0.016060
58.050000,2.045660,-0.001565,0.067353,-0.038376,-0.766619,-0.013868
58.100000,2.037947,-0.002372,0.018881,-0.042498,-0.882167,-0.012166
58.150000,2.026048,-0.001954,-0.027119,-0.041513,-0.928543,-0.011505
58.200000,2.012858,-0.001439,-0.074516,-0.039166,-0.973315,-0.010126
58.250000,1.998379,-0.001160,-0.123695,-0.038299,-1.038070,-0.007626
58.300000,1.981010,-0.001165,-0.177226,-0.041022,-1.116309,-0.004420
58.350000,1.960726,-0.001108,-0.233360,-0.042306,-1.192575,-0.003346
58.400000,1.935467,-0.001470,-0.292218,-0.043663,-1.280503,-0.002302
58.450000,1.906140,-0.001214,-0.354947,-0.043616,-1.409016,0.001929
58.500000,1.870727,-0.000797,-0.420172,-0.045391,-1.563292,0.008000
58.550000,1.826757,-0.001491,-0.488211,-0.052271,-1.697413,0.015923
58.600000,1.774701,-0.006091,-0.544128,-0.057614,-1.829149,0.024107
58.650000,1.719153,-0.006400,-0.617404,-0.062601,-1.985126,0.034772
58.700000,1.657831,-0.005743,-0.691555,-0.063595,-2.096155,0.050110
58.750000,1.595231,-0.005084,-0.764572,-0.062874,-2.155526,0.057905
58.800000,1.529948,-0.004008,-0.838247,-0.064613,-2.183556,0.065739
58.850000,1.464067,-0.002406,-0.911101,-0.065605,-2.198266,0.072696
58.900000,1.398715,-0.003030,-0.980360,-0.065702,-2.204147,0.073337
58.950000,1.342539,-0.004580,-1.062845,-0.053561,-2.142845,0.061851
59.000000,1.276692,-0.004349,-1.135816,-0.051461,-2.140472,0.062270
59.050000,1.211850,-0.004112,-1.209344,-0.051088,-2.132543,0.063269
59.100000,1.146408,-0.003550,-1.282374,-0.048222,-2.117695,0.065193
59.150000,1.080606,-0.003304,-1.354308,-0.038925,-2.093084,0.066625
59.200000,1.014998,-0.002746,-1.422612,-0.024263,-2.057199,0.067880
59.250000,0.949132,-0.002680,-1.488587,-0.010687,-2.016627,0.070097
59.300000,0.883362,-0.002191,-1.552361,-0.009501,-1.959753,0.070003
59.350000,0.818734,-0.002060,-1.614353,-0.009060,-1.894944,0.070208
59.400000,0.753667,-0.001001,-1.670207,-0.009993,-1.810761,0.072664
59.450000,0.688721,-0.001170,-1.720606,-0.009828,-1.716887,0.076370
59.500000,0.626226,-0.000876,-1.767704,-0.010781,-1.624397,0.076356
59.550000,0.564841,-0.001180,-1.811657,-0.012889,-1.518262,0.076613
59.600000,0.505965,-0.001370,-1.849323,-0.012336,-1.393577,0.074434
59.650000,0.448068,-0.000155,-1.875373,-0.008851,-1.278724,0.072336
59.700000,0.394351,-0.000227,-1.903766,-0.009249,-1.232252,0.071061
59.750000,0.341746,-0.000014,-1.931224,-0.011261,-1.185231,0.069320
59.800000,0.290806,0.000121,-1.956302,-0.011581,-1.120039,0.067753
59.850000,0.242953,0.000610,-1.976960,-0.009349,-1.039230,0.064645
59.900000,0.197948,0.000906,-1.994951,-0.008069,-0.959592,0.063681
59.950000,0.157054,0.001548,-2.010112,-0.006813,-0.865908,0.063307
60.000000,0.120875,0.001587,-2.020801,-0.006438,-0.733394,0.058498
60.050000,0.090528,0.002317,-2.028423,-0.003588,-0.578126,0.051827
60.100000,0.069120,0.003444,-2.033411,0.003712,-0.443647,0.043450
60.150000,0.055941,0.008406,-2.051098,0.008624,-0.312809,0.036260
60.200000,0.046055,0.009206,-2.051302,0.014036,-0.158844,0.025041
60.250000,0.041922,0.008522,-2.050306,0.015162,-0.050207,0.010995
60.300000,0.039294,0.008218,-2.051283,0.014385,0.008656,0.002349
60.350000,0.038685,0.007822,-2.051103,0.015901,0.032224,-0.006064
60.400000,0.039196,0.006513,-2.051792,0.016571,0.046839,-0.013021
60.450000,0.038979,0.007231,-2.056341,0.016737,0.052710,-0.013119
60.500000,0.029596,0.009396,-2.047536,0.004011,-0.005584,-0.000990
60.550000,0.029798,0.009264,-2.047854,0.002793,-0.004784,-0.000752
60.600000,0.029396,0.009395,-2.047412,0.002306,-0.004616,-0.000440
60.650000,0.029195,0.009394,-2.047353,0.001946,-0.004622,-0.001825
60.700000,0.029451,0.009402,-2.046957,0.001555,-0.005173,-0.002058
60.750000,0.029646,0.009341,-2.046822,0.000824,-0.004132,-0.001739
60.800000,0.029709,0.009408,-2.046692,0.000109,-0.004049,-0.002045
60.850000,0.029377,0.009468,-2.046637,0.000203,-0.005628,-0.002131
60.900000,0.029304,0.009275,-2.046443,0.000937,-0.005378,-0.001888
60.950000,0.029574,0.009143,-2.046823,0.000716,-0.004581,-0.002417
61.000000,0.028984,0.009265,-2.046903,0.000074,-0.004890,-0.002418
61.050000,0.029056,0.009194,-2.047354,-0.000087,-0.003848,-0.002173
61.100000,0.028972,0.008939,-2.046902,-0.000165,-0.004551,-0.001944
61.150000,0.029029,0.008614,-2.046833,-0.000640,-0.005025,-0.002257
61.200000,0.028953,0.008423,-2.046575,-0.000702,-0.005422,-0.002798
61.250000,0.028963,0.008549,-2.046899,-0.001123,-0.005729,-0.002107
61.300000,0.028681,0.008359,-2.046322,-0.001284,-0.004691,-0.002019
61.350000,0.028542,0.008162,-2.046195,-0.001167,-0.005966,-0.003184
61.400000,0.028408,0.007830,-2.046457,-0.000344,-0.005485,-0.003404
61.450000,0.028148,0.007956,-2.046593,-0.000349,-0.005873,-0.003020
61.500000,0.028218,0.008152,-2.046527,-0.000096,-0.006099,-0.003016
61.550000,0.028093,0.008411,-2.046597,-0.000179,-0.006005,-0.002625
61.600000,0.028150,0.007953,-2.046721,0.000122,-0.006379,-0.001388
61.650000,0.028150,0.008021,-2.046592,0.000299,-0.007084,-0.001620
61.700000,0.028473,0.007897,-2.046389,0.000546,-0.006833,-0.001458
61.750000,0.028485,0.007359,-2.047616,0.000370,-0.006499,-0.000680
61.800000,0.028504,0.006951,-2.048972,0.000120,-0.006008,-0.000210
61.850000,0.034105,0.007963,-1.982678,-0.066393,-0.006483,0.000065
61.900000,0.043443,0.008590,-1.916698,-0.133026,-0.006307,0.000434
61.950000,0.055917,0.009273,-1.850592,-0.198510,-0.007029,0.000567
62.000000,0.071796,0.010356,-1.784614,-0.264801,-0.008540,-0.000092
62.050000,0.090934,0.011105,-1.718573,-0.330746,-0.008840,-0.000831
62.100000,0.113277,0.012518,-1.696817,-0.423015,-0.009117,-0.000810
62.150000,0.000000,0.000000,0.000000,0.000000,0.000000,0.000000
62.200000,0.011917,0.003510,-0.991928,0.003967,-0.004430,0.000799
62.250000,0.012939,0.007446,-0.989014,0.004097,-0.005556,-0.001486
62.300000,0.013977,0.007462,-0.989960,-0.002098,-0.001963,0.001983
62.350000,0.016800,0.001602,-0.990814,0.006260,-0.010217,0.008896
62.400000,0.014908,0.005524,-0.989914,-0.002011,-0.013903,-0.001602
62.450000,0.020737,0.000687,-0.989731,0.000169,-0.001915,0.007774
62.500000,0.015060,-0.004517,-1.009262,-0.003460,-0.000743,0.006608
